Workbook

Sheet Overview
A1: Enterprise IT Service Desk & Identity Access Management Simulation
A2: (ServiceNow | Active Directory | Azure AD | Okta | Intune | IT Support)
A4: Project Purpose | B4: Simulates a real company L1 service desk environment covering incidents, access requests, authentication issues, endpoint compliance checks, escalations, SLA tracking, and knowledge-base documentation.
A6: Workbook Contents
A7: Tickets | B7: 200 simulated incidents with categories, priorities, SLA targets, escalations, and resolutions.
A8: User_Access_Requests | B8: 80 onboarding/offboarding and access-management requests mapped to AD, Azure AD, Okta, SharePoint, and VPN.
A9: Escalation_Cases | B9: Subset of complex incidents escalated to L2/L3 teams with business impact and handoff notes.
A10: Knowledge_Base | B10: 22 common L1 solutions for first-call resolution and self-service support.
A11: SLA_Dashboard | B11: Formula-driven KPI sheet with charts for SLA, priority mix, category mix, and FCR.
A14: Mapped Job Requirements
A15: Incident logging & ticket handling | B15: Tickets / SLA_Dashboard
A16: User lifecycle operations | B16: User_Access_Requests
A17: Active Directory / Azure AD support | B17: Tickets / User_Access_Requests
A18: Okta MFA & access troubleshooting | B18: Tickets / Knowledge_Base
A19: ServiceNow-style ticket lifecycle | B19: Tickets / Escalation_Cases
A20: SharePoint / VPN / Office / Teams issues | B20: Tickets / Knowledge_Base
A21: Intune compliance monitoring | B21: Tickets / Knowledge_Base
A22: Documentation / SOP / KB creation | B22: Knowledge_Base

Sheet Tickets
A1: Ticket ID | B1: Opened Date | C1: Channel | D1: End User | E1: Region | F1: Department | G1: Device Type | H1: Issue Summary | I1: Category | J1: Subcategory | K1: Primary Tool | L1: Priority | M1: Assigned Group | N1: Escalated | O1: Status | P1: Response Time (hrs) | Q1: Resolution Time (hrs) | R1: SLA Target (hrs) | S1: Within SLA | T1: Root Cause | U1: Resolution Notes | V1: FCR
A2: INC100000 | B2: 46060.625 | C2: Phone | D2: Lavanya Iyer | E2: UK | F2: Sales | G2: Laptop | H2: Need creation of new user account for onboarding | I2: Access | J2: User Creation | K2: Azure AD | L2: High | M2: L1 Service Desk | N2: No | O2: Resolved | P2: 1 | Q2: 3.6 | R2: 4 | S2: =IF(OR(O2="Open",O2="In Progress"),"Pending",IF(Q2<=R2,"Yes","No")) | T2: New hire onboarding | U2: Created account and assigned baseline groups | V2: No
A3: INC100001 | B3: 46067.021 | C3: Chat | D3: Neha Mehta | E3: UK | F3: Sales | G3: Laptop | H3: SharePoint file sync failing on laptop | I3: Software | J3: Sync Issue | K3: SharePoint | L3: Medium | M3: L1 Collaboration Support | N3: Yes | O3: Resolved | P3: 1.4 | Q3: 3.3 | R3: 8 | S3: =IF(OR(O3="Open",O3="In Progress"),"Pending",IF(Q3<=R3,"Yes","No")) | T3: OneDrive sync conflict | U3: Reset sync client and re-linked library | V3: No
A4: INC100002 | B4: 46086.771 | C4: Portal | D4: Priya Kumar | E4: India | F4: IT | G4: Desktop | H4: Need creation of new user account for onboarding | I4: Access | J4: User Creation | K4: Azure AD | L4: High | M4: L1 Service Desk | N4: No | O4: Resolved | P4: 0.3 | Q4: 3.4 | R4: 4 | S4: =IF(OR(O4="Open",O4="In Progress"),"Pending",IF(Q4<=R4,"Yes","No")) | T4: New hire onboarding | U4: Created account and assigned baseline groups | V4: No
A5: INC100003 | B5: 46070.948 | C5: Email | D5: Sanjay Patel | E5: UK | F5: Operations | G5: iPhone | H5: OTP not received for sign-in verification | I5: Access | J5: OTP Failure | K5: Okta | L5: Medium | M5: L1 IAM Support | N5: No | O5: Closed | P5: 1.9 | Q5: 3.5 | R5: 8 | S5: =IF(OR(O5="Open",O5="In Progress"),"Pending",IF(Q5<=R5,"Yes","No")) | T5: Outdated phone number | U5: Updated factor settings and retried verification | V5: Yes
A6: INC100004 | B6: 46070.417 | C6: Email | D6: Priya Rao | E6: India | F6: Operations | G6: iPad | H6: Teams login failure after password change | I6: Software | J6: Teams Login | K6: Microsoft Teams | L6: Low | M6: L1 Service Desk | N6: No | O6: Resolved | P6: 1.6 | Q6: 8.9 | R6: 16 | S6: =IF(OR(O6="Open",O6="In Progress"),"Pending",IF(Q6<=R6,"Yes","No")) | T6: Cached credentials mismatch | U6: Cleared Teams cache and reauthenticated | V6: Yes
A7: INC100005 | B7: 46074.146 | C7: Email | D7: Ravi Reddy | E7: UK | F7: Customer Support | G7: iPad | H7: Outlook not opening on startup | I7: Software | J7: Outlook Issue | K7: Microsoft Office | L7: Low | M7: L1 Service Desk | N7: No | O7: Resolved | P7: 3.8 | Q7: 12.7 | R7: 16 | S7: =IF(OR(O7="Open",O7="In Progress"),"Pending",IF(Q7<=R7,"Yes","No")) | T7: Corrupt Office add-in | U7: Started in safe mode and repaired Office | V7: Yes
A8: INC100006 | B8: 46081.688 | C8: Chat | D8: Manoj Singh | E8: US | F8: Operations | G8: Laptop | H8: Account needs disablement after employee exit | I8: Access | J8: Offboarding | K8: Active Directory | L8: High | M8: L1 Service Desk | N8: Yes | O8: Resolved | P8: 0.8 | Q8: 6.1 | R8: 4 | S8: =IF(OR(O8="Open",O8="In Progress"),"Pending",IF(Q8<=R8,"Yes","No")) | T8: Offboarding request received | U8: Disabled account and removed active sessions | V8: No
A9: INC100007 | B9: 46033.26 | C9: Phone | D9: Tarun Reddy | E9: India | F9: Legal | G9: Thin Client | H9: System performance slow after updates | I9: Hardware | J9: Performance | K9: Windows | L9: Medium | M9: L1 Endpoint Support | N9: Yes | O9: Resolved | P9: 0.4 | Q9: 5.7 | R9: 8 | S9: =IF(OR(O9="Open",O9="In Progress"),"Pending",IF(Q9<=R9,"Yes","No")) | T9: High startup load | U9: Optimized startup items and ran health checks | V9: No
A10: INC100008 | B10: 46064.427 | C10: Portal | D10: Lavanya Verma | E10: US | F10: Procurement | G10: iPhone | H10: Account needs disablement after employee exit | I10: Access | J10: Offboarding | K10: Active Directory | L10: Medium | M10: L1 Service Desk | N10: Yes | O10: Closed | P10: 1.2 | Q10: 9.5 | R10: 8 | S10: =IF(OR(O10="Open",O10="In Progress"),"Pending",IF(Q10<=R10,"Yes","No")) | T10: Offboarding request received | U10: Disabled account and removed active sessions | V10: No
A11: INC100009 | B11: 46078.51 | C11: Phone | D11: Tarun Kumar | E11: India | F11: HR | G11: Desktop | H11: Printer not responding for shared queue | I11: Hardware | J11: Printer Issue | K11: Printer | L11: Medium | M11: L1 Endpoint Support | N11: No | O11: Resolved | P11: 2.3 | Q11: 9.6 | R11: 8 | S11: =IF(OR(O11="Open",O11="In Progress"),"Pending",IF(Q11<=R11,"Yes","No")) | T11: Driver / spooler issue | U11: Restarted spooler and reinstalled driver | V11: No
A12: INC100010 | B12: 46039.615 | C12: Email | D12: Meera Verma | E12: APAC | F12: Customer Support | G12: Laptop | H12: OTP not received for sign-in verification | I12: Access | J12: OTP Failure | K12: Okta | L12: Medium | M12: L1 IAM Support | N12: No | O12: Resolved | P12: 1.7 | Q12: 3.1 | R12: 8 | S12: =IF(OR(O12="Open",O12="In Progress"),"Pending",IF(Q12<=R12,"Yes","No")) | T12: Outdated phone number | U12: Updated factor settings and retried verification | V12: Yes
A13: INC100011 | B13: 46062.688 | C13: Portal | D13: Sneha Kumar | E13: US | F13: Sales | G13: Desktop | H13: Outlook not opening on startup | I13: Software | J13: Outlook Issue | K13: Microsoft Office | L13: Medium | M13: L1 Service Desk | N13: No | O13: Closed | P13: 0.5 | Q13: 3.8 | R13: 8 | S13: =IF(OR(O13="Open",O13="In Progress"),"Pending",IF(Q13<=R13,"Yes","No")) | T13: Corrupt Office add-in | U13: Started in safe mode and repaired Office | V13: No
... A16: INC100014 | B16: 46078.198 | C16: Phone | D16: Manoj Joshi | E16: US | F16: Finance | G16: Laptop | H16: User account locked after failed logins | I16: Login | J16: Account Unlock | K16: Active Directory | L16: High | M16: L1 Service Desk | N16: No | O16: Resolved | P16: 0.8 | Q16: 2.7 | R16: 4 | S16: =IF(OR(O16="Open",O16="In Progress"),"Pending",IF(Q16<=R16,"Yes","No")) | T16: Repeated failed attempts | U16: Unlocked account and advised correct password usage | V16: Yes
A17: INC100015 | B17: 46031.708 | C17: Email | D17: Pooja Jain | E17: UK | F17: Procurement | G17: iPhone | H17: Role-based access required for finance application | I17: Access | J17: Role Assignment | K17: Azure AD | L17: Medium | M17: L1 Service Desk | N17: No | O17: In Progress | P17: 1 | R17: 8 | S17: =IF(OR(O17="Open",O17="In Progress"),"Pending",IF(Q17<=R17,"Yes","No")) | T17: Missing app role assignment | U17: Pending specialist review / awaiting user confirmation | V17: No
A18: INC100016 | B18: 46085.646 | C18: Portal | D18: Sanjay Mehta | E18: India | F18: Finance | G18: Thin Client | H18: SharePoint file sync failing on laptop | I18: Software | J18: Sync Issue | K18: SharePoint | L18: Medium | M18: L1 Collaboration Support | N18: No | O18: Resolved | P18: 0.3 | Q18: 2.2 | R18: 8 | S18: =IF(OR(O18="Open",O18="In Progress"),"Pending",IF(Q18<=R18,"Yes","No")) | T18: OneDrive sync conflict | U18: Reset sync client and re-linked library | V18: Yes
A19: INC100017 | B19: 46052.635 | C19: Chat | D19: Sanjay Rao | E19: UK | F19: Finance | G19: iPhone | H19: Access denied to SharePoint team site | I19: Access | J19: SharePoint Access | K19: SharePoint | L19: Medium | M19: L1 Collaboration Support | N19: No | O19: Resolved | P19: 2.4 | Q19: 9 | R19: 8 | S19: =IF(OR(O19="Open",O19="In Progress"),"Pending",IF(Q19<=R19,"Yes","No")) | T19: Permission group missing | U19: Added user to correct SharePoint group | V19: Yes
A20: INC100018 | B20: 46079.927 | C20: Chat | D20: Ravi Kumar | E20: UK | F20: Legal | G20: Laptop | H20: Software installation blocked on endpoint | I20: Software | J20: Installation Issue | K20: Windows | L20: Medium | M20: L1 Endpoint Support | N20: No | O20: Resolved | P20: 1.6 | Q20: 10 | R20: 8 | S20: =IF(OR(O20="Open",O20="In Progress"),"Pending",IF(Q20<=R20,"Yes","No")) | T20: Admin rights required | U20: Installed package via approved elevated workflow | V20: Yes
A21: INC100019 | B21: 46091.615 | C21: Phone | D21: Lavanya Kapoor | E21: APAC | F21: Finance | G21: Laptop | H21: Software installation blocked on endpoint | I21: Software | J21: Installation Issue | K21: Windows | L21: Medium | M21: L1 Endpoint Support | N21: No | O21: Resolved | P21: 1.4 | Q21: 6.1 | R21: 8 | S21: =IF(OR(O21="Open",O21="In Progress"),"Pending",IF(Q21<=R21,"Yes","No")) | T21: Admin rights required | U21: Installed package via approved elevated workflow | V21: No
A22: INC100020 | B22: 46054.646 | C22: Email | D22: Priya Joshi | E22: UK | F22: Sales | G22: Laptop | H22: Teams login failure after password change | I22: Software | J22: Teams Login | K22: Microsoft Teams | L22: Medium | M22: L1 Service Desk | N22: No | O22: Closed | P22: 2 | Q22: 6.5 | R22: 8 | S22: =IF(OR(O22="Open",O22="In Progress"),"Pending",IF(Q22<=R22,"Yes","No")) | T22: Cached credentials mismatch | U22: Cleared Teams cache and reauthenticated | V22: Yes
A23: INC100021 | B23: 46096.594 | C23: Portal | D23: Pooja Sharma | E23: US | F23: IT | G23: iPhone | H23: Access denied to SharePoint team site | I23: Access | J23: SharePoint Access | K23: SharePoint | L23: High | M23: L1 Collaboration Support | N23: No | O23: Resolved | P23: 0.4 | Q23: 8.4 | R23: 4 | S23: =IF(OR(O23="Open",O23="In Progress"),"Pending",IF(Q23<=R23,"Yes","No")) | T23: Permission group missing | U23: Added user to correct SharePoint group | V23: No
A24: INC100022 | B24: 46098.031 | C24: Phone | D24: Divya Iyer | E24: US | F24: Sales | G24: iPhone | H24: Access denied to SharePoint team site | I24: Access | J24: SharePoint Access | K24: SharePoint | L24: High | M24: L1 Collaboration Support | N24: Yes | O24: Resolved | P24: 0.5 | Q24: 8 | R24: 4 | S24: =IF(OR(O24="Open",O24="In Progress"),"Pending",IF(Q24<=R24,"Yes","No")) | T24: Permission group missing | U24: Added user to correct SharePoint group | V24: No
A25: INC100023 | B25: 46071.823 | C25: Chat | D25: Lavanya Mehta | E25: India | F25: HR | G25: Laptop | H25: New user mailbox access not available | I25: Access | J25: Mailbox Provisioning | K25: Azure AD | L25: Medium | M25: L1 Service Desk | N25: Yes | O25: Closed | P25: 0.2 | Q25: 7 | R25: 8 | S25: =IF(OR(O25="Open",O25="In Progress"),"Pending",IF(Q25<=R25,"Yes","No")) | T25: License sync delay | U25: Verified license assignment and sync completion | V25: No
A26: INC100024 | B26: 46071.958 | C26: Phone | D26: Karthik Joshi | E26: US | F26: Procurement | G26: iPad | H26: Device marked non-compliant in management portal | I26: Compliance | J26: Compliance Alert | K26: Intune | L26: High | M26: L1 Endpoint Support | N26: No | O26: Resolved | P26: 0.7 | Q26: 3.1 | R26: 4 | S26: =IF(OR(O26="Open",O26="In Progress"),"Pending",IF(Q26<=R26,"Yes","No")) | T26: Encryption / policy mismatch | U26: Triggered policy sync and updated compliance state | V26: No
A27: INC100025 | B27: 46065.125 | C27: Chat | D27: Ravi Singh | E27: UK | F27: HR | G27: iPhone | H27: OTP not received for sign-in verification | I27: Access | J27: OTP Failure | K27: Okta | L27: Medium | M27: L1 IAM Support | N27: No | O27: Closed | P27: 1.7 | Q27: 2.9 | R27: 8 | S27: =IF(OR(O27="Open",O27="In Progress"),"Pending",IF(Q27<=R27,"Yes","No")) | T27: Outdated phone number | U27: Updated factor settings and retried verification | V27: Yes
A28: INC100026 | B28: 46085.073 | C28: Phone | D28: Neha Singh | E28: UK | F28: Customer Support | G28: Desktop | H28: OTP not received for sign-in verification | I28: Access | J28: OTP Failure | K28: Okta | L28: Medium | M28: L1 IAM Support | N28: Yes | O28: Closed | P28: 0.6 | Q28: 7.8 | R28: 8 | S28: =IF(OR(O28="Open",O28="In Progress"),"Pending",IF(Q28<=R28,"Yes","No")) | T28: Outdated phone number | U28: Updated factor settings and retried verification | V28: No
A29: INC100027 | B29: 46066.052 | C29: Chat | D29: Manoj Nair | E29: US | F29: HR | G29: Thin Client | H29: Antivirus disabled warning on endpoint | I29: Compliance | J29: Security Alert | K29: Intune | L29: Medium | M29: L1 Endpoint Support | N29: No | O29: Closed | P29: 0.3 | Q29: 6.9 | R29: 8 | S29: =IF(OR(O29="Open",O29="In Progress"),"Pending",IF(Q29<=R29,"Yes","No")) | T29: Protection service stopped | U29: Restarted endpoint protection service and rechecked | V29: No
... A32: INC100030 | B32: 46097.906 | C32: Portal | D32: Lavanya Nair | E32: US | F32: Legal | G32: iPhone | H32: Antivirus disabled warning on endpoint | I32: Compliance | J32: Security Alert | K32: Intune | L32: High | M32: L1 Endpoint Support | N32: No | O32: Resolved | P32: 1 | Q32: 1.6 | R32: 4 | S32: =IF(OR(O32="Open",O32="In Progress"),"Pending",IF(Q32<=R32,"Yes","No")) | T32: Protection service stopped | U32: Restarted endpoint protection service and rechecked | V32: No
A33: INC100031 | B33: 46065.833 | C33: Chat | D33: Ananya Kumar | E33: UK | F33: IT | G33: iPhone | H33: Access denied to SharePoint team site | I33: Access | J33: SharePoint Access | K33: SharePoint | L33: Medium | M33: L1 Collaboration Support | N33: No | O33: Open | P33: 0.7 | R33: 8 | S33: =IF(OR(O33="Open",O33="In Progress"),"Pending",IF(Q33<=R33,"Yes","No")) | T33: Permission group missing | U33: Pending specialist review / awaiting user confirmation | V33: No
A34: INC100032 | B34: 46087.552 | C34: Chat | D34: Arjun Reddy | E34: APAC | F34: Customer Support | G34: iPhone | H34: Access denied to SharePoint team site | I34: Access | J34: SharePoint Access | K34: SharePoint | L34: Medium | M34: L1 Collaboration Support | N34: No | O34: In Progress | P34: 1.6 | R34: 8 | S34: =IF(OR(O34="Open",O34="In Progress"),"Pending",IF(Q34<=R34,"Yes","No")) | T34: Permission group missing | U34: Pending specialist review / awaiting user confirmation | V34: No
A35: INC100033 | B35: 46061.542 | C35: Chat | D35: Tarun Gupta | E35: APAC | F35: Finance | G35: Desktop | H35: OTP not received for sign-in verification | I35: Access | J35: OTP Failure | K35: Okta | L35: Medium | M35: L1 IAM Support | N35: No | O35: Closed | P35: 2.1 | Q35: 6.9 | R35: 8 | S35: =IF(OR(O35="Open",O35="In Progress"),"Pending",IF(Q35<=R35,"Yes","No")) | T35: Outdated phone number | U35: Updated factor settings and retried verification | V35: Yes
A36: INC100034 | B36: 46051.615 | C36: Portal | D36: Isha Sharma | E36: APAC | F36: IT | G36: Desktop | H36: OS outdated and pending critical patches | I36: Compliance | J36: Patch Compliance | K36: Intune | L36: High | M36: L1 Endpoint Support | N36: No | O36: In Progress | P36: 3.2 | R36: 4 | S36: =IF(OR(O36="Open",O36="In Progress"),"Pending",IF(Q36<=R36,"Yes","No")) | T36: Pending update ring | U36: Pending specialist review / awaiting user confirmation | V36: No
A37: INC100035 | B37: 46030.656 | C37: Portal | D37: Tarun Singh | E37: India | F37: HR | G37: Desktop | H37: Unable to join Teams meeting from desktop app | I37: Software | J37: Teams Meeting | K37: Microsoft Teams | L37: Low | M37: L1 Service Desk | N37: Yes | O37: Closed | P37: 0.8 | Q37: 6.4 | R37: 16 | S37: =IF(OR(O37="Open",O37="In Progress"),"Pending",IF(Q37<=R37,"Yes","No")) | T37: Client cache / audio stack issue | U37: Reset Teams app and checked device permissions | V37: No
A38: INC100036 | B38: 46093.281 | C38: Phone | D38: Vikram Verma | E38: APAC | F38: Procurement | G38: iPad | H38: Printer not responding for shared queue | I38: Hardware | J38: Printer Issue | K38: Printer | L38: Low | M38: L1 Endpoint Support | N38: No | O38: Resolved | P38: 3 | Q38: 1.5 | R38: 16 | S38: =IF(OR(O38="Open",O38="In Progress"),"Pending",IF(Q38<=R38,"Yes","No")) | T38: Driver / spooler issue | U38: Restarted spooler and reinstalled driver | V38: Yes
A39: INC100037 | B39: 46049.427 | C39: Email | D39: Aarav Singh | E39: US | F39: Sales | G39: Desktop | H39: User account locked after failed logins | I39: Login | J39: Account Unlock | K39: Active Directory | L39: High | M39: L1 Service Desk | N39: No | O39: Resolved | P39: 0.7 | Q39: 1.4 | R39: 4 | S39: =IF(OR(O39="Open",O39="In Progress"),"Pending",IF(Q39<=R39,"Yes","No")) | T39: Repeated failed attempts | U39: Unlocked account and advised correct password usage | V39: Yes
A40: INC100038 | B40: 46092.125 | C40: Chat | D40: Neha Iyer | E40: India | F40: Finance | G40: Thin Client | H40: Unable to join Teams meeting from desktop app | I40: Software | J40: Teams Meeting | K40: Microsoft Teams | L40: Low | M40: L1 Service Desk | N40: No | O40: Closed | P40: 1.6 | Q40: 19.6 | R40: 16 | S40: =IF(OR(O40="Open",O40="In Progress"),"Pending",IF(Q40<=R40,"Yes","No")) | T40: Client cache / audio stack issue | U40: Reset Teams app and checked device permissions | V40: Yes
A41: INC100039 | B41: 46094.271 | C41: Chat | D41: Nikita Verma | E41: India | F41: Finance | G41: Thin Client | H41: Outlook not opening on startup | I41: Software | J41: Outlook Issue | K41: Microsoft Office | L41: Low | M41: L1 Service Desk | N41: Yes | O41: Closed | P41: 2.7 | Q41: 2.3 | R41: 16 | S41: =IF(OR(O41="Open",O41="In Progress"),"Pending",IF(Q41<=R41,"Yes","No")) | T41: Corrupt Office add-in | U41: Started in safe mode and repaired Office | V41: No
A42: INC100040 | B42: 46037.365 | C42: Portal | D42: Divya Jain | E42: APAC | F42: Operations | G42: Desktop | H42: Device marked non-compliant in management portal | I42: Compliance | J42: Compliance Alert | K42: Intune | L42: Medium | M42: L1 Endpoint Support | N42: Yes | O42: Closed | P42: 1.6 | Q42: 7.8 | R42: 8 | S42: =IF(OR(O42="Open",O42="In Progress"),"Pending",IF(Q42<=R42,"Yes","No")) | T42: Encryption / policy mismatch | U42: Triggered policy sync and updated compliance state | V42: No
A43: INC100041 | B43: 46078.896 | C43: Chat | D43: Ravi Rao | E43: US | F43: HR | G43: iPad | H43: Device marked non-compliant in management portal | I43: Compliance | J43: Compliance Alert | K43: Intune | L43: High | M43: L1 Endpoint Support | N43: No | O43: Resolved | P43: 0.9 | Q43: 2.4 | R43: 4 | S43: =IF(OR(O43="Open",O43="In Progress"),"Pending",IF(Q43<=R43,"Yes","No")) | T43: Encryption / policy mismatch | U43: Triggered policy sync and updated compliance state | V43: No
A44: INC100042 | B44: 46056.052 | C44: Chat | D44: Isha Kumar | E44: UK | F44: Procurement | G44: Desktop | H44: Password reset required after expiry | I44: Login | J44: Password Reset | K44: Active Directory | L44: High | M44: L1 Service Desk | N44: No | O44: Closed | P44: 0.7 | Q44: 2.2 | R44: 4 | S44: =IF(OR(O44="Open",O44="In Progress"),"Pending",IF(Q44<=R44,"Yes","No")) | T44: Password policy expiry | U44: Reset password in AD and confirmed sign-in | V44: No
A45: INC100043 | B45: 46093.01 | C45: Phone | D45: Isha Jain | E45: APAC | F45: Legal | G45: Laptop | H45: OS outdated and pending critical patches | I45: Compliance | J45: Patch Compliance | K45: Intune | L45: High | M45: L1 Endpoint Support | N45: No | O45: Closed | P45: 0.3 | Q45: 2.7 | R45: 4 | S45: =IF(OR(O45="Open",O45="In Progress"),"Pending",IF(Q45<=R45,"Yes","No")) | T45: Pending update ring | U45: Forced sync and scheduled patch installation | V45: No
A46: INC100044 | B46: 46075.562 | C46: Portal | D46: Pooja Kapoor | E46: UK | F46: IT | G46: Desktop | H46: New user mailbox access not available | I46: Access | J46: Mailbox Provisioning | K46: Azure AD | L46: Medium | M46: L1 Service Desk | N46: No | O46: Closed | P46: 0.7 | Q46: 1.6 | R46: 8 | S46: =IF(OR(O46="Open",O46="In Progress"),"Pending",IF(Q46<=R46,"Yes","No")) | T46: License sync delay | U46: Verified license assignment and sync completion | V46: No
A47: INC100045 | B47: 46044.135 | C47: Chat | D47: Arjun Kapoor | E47: APAC | F47: Procurement | G47: Laptop | H47: Need creation of new user account for onboarding | I47: Access | J47: User Creation | K47: Azure AD | L47: Medium | M47: L1 Service Desk | N47: No | O47: Resolved | P47: 0.8 | Q47: 3.1 | R47: 8 | S47: =IF(OR(O47="Open",O47="In Progress"),"Pending",IF(Q47<=R47,"Yes","No")) | T47: New hire onboarding | U47: Created account and assigned baseline groups | V47: No
A48: INC100046 | B48: 46051.708 | C48: Portal | D48: Priya Das | E48: UK | F48: Operations | G48: Laptop | H48: Need creation of new user account for onboarding | I48: Access | J48: User Creation | K48: Azure AD | L48: High | M48: L1 Service Desk | N48: No | O48: Resolved | P48: 0.7 | Q48: 2.1 | R48: 4 | S48: =IF(OR(O48="Open",O48="In Progress"),"Pending",IF(Q48<=R48,"Yes","No")) | T48: New hire onboarding | U48: Created account and assigned baseline groups | V48: No
... A75: INC100073 | B75: 46086.854 | C75: Portal | D75: Lavanya Joshi | E75: UK | F75: Finance | G75: Desktop | H75: New user mailbox access not available | I75: Access | J75: Mailbox Provisioning | K75: Azure AD | L75: High | M75: L1 Service Desk | N75: No | O75: Resolved | P75: 1.2 | Q75: 3.5 | R75: 4 | S75: =IF(OR(O75="Open",O75="In Progress"),"Pending",IF(Q75<=R75,"Yes","No")) | T75: License sync delay | U75: Verified license assignment and sync completion | V75: No
A76: INC100074 | B76: 46082.875 | C76: Email | D76: Priya Verma | E76: UK | F76: Sales | G76: iPhone | H76: OTP not received for sign-in verification | I76: Access | J76: OTP Failure | K76: Okta | L76: Medium | M76: L1 IAM Support | N76: No | O76: Open | P76: 0.4 | R76: 8 | S76: =IF(OR(O76="Open",O76="In Progress"),"Pending",IF(Q76<=R76,"Yes","No")) | T76: Outdated phone number | U76: Pending specialist review / awaiting user confirmation | V76: No
A77: INC100075 | B77: 46078.344 | C77: Chat | D77: Meera Mehta | E77: US | F77: Finance | G77: Laptop | H77: Need creation of new user account for onboarding | I77: Access | J77: User Creation | K77: Azure AD | L77: High | M77: L1 Service Desk | N77: No | O77: Resolved | P77: 0.7 | Q77: 8.4 | R77: 4 | S77: =IF(OR(O77="Open",O77="In Progress"),"Pending",IF(Q77<=R77,"Yes","No")) | T77: New hire onboarding | U77: Created account and assigned baseline groups | V77: No
A78: INC100076 | B78: 46058.885 | C78: Chat | D78: Tarun Mehta | E78: India | F78: Operations | G78: Laptop | H78: Teams login failure after password change | I78: Software | J78: Teams Login | K78: Microsoft Teams | L78: Medium | M78: L1 Service Desk | N78: No | O78: Resolved | P78: 1.9 | Q78: 4.2 | R78: 8 | S78: =IF(OR(O78="Open",O78="In Progress"),"Pending",IF(Q78<=R78,"Yes","No")) | T78: Cached credentials mismatch | U78: Cleared Teams cache and reauthenticated | V78: No
A79: INC100077 | B79: 46078.958 | C79: Chat | D79: Sanjay Das | E79: US | F79: Finance | G79: Desktop | H79: New user mailbox access not available | I79: Access | J79: Mailbox Provisioning | K79: Azure AD | L79: Medium | M79: L1 Service Desk | N79: No | O79: Resolved | P79: 0.2 | Q79: 3.9 | R79: 8 | S79: =IF(OR(O79="Open",O79="In Progress"),"Pending",IF(Q79<=R79,"Yes","No")) | T79: License sync delay | U79: Verified license assignment and sync completion | V79: No
A80: INC100078 | B80: 46089.115 | C80: Email | D80: Rahul Joshi | E80: India | F80: IT | G80: Laptop | H80: Outlook not opening on startup | I80: Software | J80: Outlook Issue | K80: Microsoft Office | L80: Medium | M80: L1 Service Desk | N80: No | O80: Resolved | P80: 0.8 | Q80: 4.9 | R80: 8 | S80: =IF(OR(O80="Open",O80="In Progress"),"Pending",IF(Q80<=R80,"Yes","No")) | T80: Corrupt Office add-in | U80: Started in safe mode and repaired Office | V80: No
A81: INC100079 | B81: 46053.49 | C81: Phone | D81: Manoj Singh | E81: APAC | F81: HR | G81: Thin Client | H81: Unable to join Teams meeting from desktop app | I81: Software | J81: Teams Meeting | K81: Microsoft Teams | L81: Low | M81: L1 Service Desk | N81: No | O81: Resolved | P81: 1.8 | Q81: 12.9 | R81: 16 | S81: =IF(OR(O81="Open",O81="In Progress"),"Pending",IF(Q81<=R81,"Yes","No")) | T81: Client cache / audio stack issue | U81: Reset Teams app and checked device permissions | V81: No
A82: INC100080 | B82: 46036.438 | C82: Email | D82: Pooja Mehta | E82: UK | F82: IT | G82: iPad | H82: Device marked non-compliant in management portal | I82: Compliance | J82: Compliance Alert | K82: Intune | L82: High | M82: L1 Endpoint Support | N82: No | O82: Resolved | P82: 0.2 | Q82: 1 | R82: 4 | S82: =IF(OR(O82="Open",O82="In Progress"),"Pending",IF(Q82<=R82,"Yes","No")) | T82: Encryption / policy mismatch | U82: Triggered policy sync and updated compliance state | V82: No
A83: INC100081 | B83: 46075.792 | C83: Portal | D83: Tarun Das | E83: UK | F83: HR | G83: Desktop | H83: New user mailbox access not available | I83: Access | J83: Mailbox Provisioning | K83: Azure AD | L83: High | M83: L1 Service Desk | N83: No | O83: Closed | P83: 1.1 | Q83: 2.8 | R83: 4 | S83: =IF(OR(O83="Open",O83="In Progress"),"Pending",IF(Q83<=R83,"Yes","No")) | T83: License sync delay | U83: Verified license assignment and sync completion | V83: No
A84: INC100082 | B84: 46037.177 | C84: Phone | D84: Kiran Jain | E84: APAC | F84: Sales | G84: iPhone | H84: System performance slow after updates | I84: Hardware | J84: Performance | K84: Windows | L84: Low | M84: L1 Endpoint Support | N84: No | O84: Closed | P84: 0.5 | Q84: 4.6 | R84: 16 | S84: =IF(OR(O84="Open",O84="In Progress"),"Pending",IF(Q84<=R84,"Yes","No")) | T84: High startup load | U84: Optimized startup items and ran health checks | V84: Yes
A85: INC100083 | B85: 46087.521 | C85: Chat | D85: Aarav Patel | E85: UK | F85: Procurement | G85: iPhone | H85: Unable to join Teams meeting from desktop app | I85: Software | J85: Teams Meeting | K85: Microsoft Teams | L85: Low | M85: L1 Service Desk | N85: No | O85: Resolved | P85: 0.8 | Q85: 2.7 | R85: 16 | S85: =IF(OR(O85="Open",O85="In Progress"),"Pending",IF(Q85<=R85,"Yes","No")) | T85: Client cache / audio stack issue | U85: Reset Teams app and checked device permissions | V85: Yes
A86: INC100084 | B86: 46092.01 | C86: Email | D86: Karthik Gupta | E86: APAC | F86: IT | G86: Desktop | H86: Password reset required after expiry | I86: Login | J86: Password Reset | K86: Active Directory | L86: High | M86: L1 Service Desk | N86: No | O86: Closed | P86: 0.9 | Q86: 3 | R86: 4 | S86: =IF(OR(O86="Open",O86="In Progress"),"Pending",IF(Q86<=R86,"Yes","No")) | T86: Password policy expiry | U86: Reset password in AD and confirmed sign-in | V86: Yes
A87: INC100085 | B87: 46092.708 | C87: Portal | D87: Rahul Iyer | E87: APAC | F87: Customer Support | G87: Thin Client | H87: Teams login failure after password change | I87: Software | J87: Teams Login | K87: Microsoft Teams | L87: Medium | M87: L1 Service Desk | N87: No | O87: Closed | P87: 1.1 | Q87: 2.2 | R87: 8 | S87: =IF(OR(O87="Open",O87="In Progress"),"Pending",IF(Q87<=R87,"Yes","No")) | T87: Cached credentials mismatch | U87: Cleared Teams cache and reauthenticated | V87: No
A88: INC100086 | B88: 46086.198 | C88: Email | D88: Manoj Jain | E88: UK | F88: Finance | G88: iPad | H88: Outlook not opening on startup | I88: Software | J88: Outlook Issue | K88: Microsoft Office | L88: Medium | M88: L1 Service Desk | N88: No | O88: Open | P88: 0.2 | R88: 8 | S88: =IF(OR(O88="Open",O88="In Progress"),"Pending",IF(Q88<=R88,"Yes","No")) | T88: Corrupt Office add-in | U88: Pending specialist review / awaiting user confirmation | V88: No
A89: INC100087 | B89: 46093.802 | C89: Phone | D89: Vikram Iyer | E89: UK | F89: HR | G89: iPad | H89: System performance slow after updates | I89: Hardware | J89: Performance | K89: Windows | L89: Medium | M89: L1 Endpoint Support | N89: Yes | O89: Closed | P89: 0.5 | Q89: 4.8 | R89: 8 | S89: =IF(OR(O89="Open",O89="In Progress"),"Pending",IF(Q89<=R89,"Yes","No")) | T89: High startup load | U89: Optimized startup items and ran health checks | V89: No
A90: INC100088 | B90: 46097.146 | C90: Phone | D90: Rahul Gupta | E90: India | F90: Customer Support | G90: Desktop | H90: Need creation of new user account for onboarding | I90: Access | J90: User Creation | K90: Azure AD | L90: Medium | M90: L1 Service Desk | N90: No | O90: Resolved | P90: 2.2 | Q90: 4.5 | R90: 8 | S90: =IF(OR(O90="Open",O90="In Progress"),"Pending",IF(Q90<=R90,"Yes","No")) | T90: New hire onboarding | U90: Created account and assigned baseline groups | V90: No
A91: INC100089 | B91: 46038.156 | C91: Chat | D91: Aarav Mehta | E91: US | F91: Legal | G91: Laptop | H91: Device marked non-compliant in management portal | I91: Compliance | J91: Compliance Alert | K91: Intune | L91: Medium | M91: L1 Endpoint Support | N91: No | O91: Closed | P91: 2.1 | Q91: 2.4 | R91: 8 | S91: =IF(OR(O91="Open",O91="In Progress"),"Pending",IF(Q91<=R91,"Yes","No")) | T91: Encryption / policy mismatch | U91: Triggered policy sync and updated compliance state | V91: No
A92: INC100090 | B92: 46054.812 | C92: Phone | D92: Meera Mehta | E92: US | F92: HR | G92: iPhone | H92: VPN not connecting from remote location | I92: Access | J92: VPN Access | K92: VPN | L92: Medium | M92: L1 Service Desk | N92: No | O92: Resolved | P92: 2.3 | Q92: 3 | R92: 8 | S92: =IF(OR(O92="Open",O92="In Progress"),"Pending",IF(Q92<=R92,"Yes","No")) | T92: VPN client profile corruption | U92: Reconfigured VPN profile and validated connection | V92: Yes
A93: INC100091 | B93: 46040.812 | C93: Email | D93: Arjun Patel | E93: US | F93: HR | G93: iPhone | H93: Access denied to SharePoint team site | I93: Access | J93: SharePoint Access | K93: SharePoint | L93: High | M93: L1 Collaboration Support | N93: No | O93: Closed | P93: 0.6 | Q93: 2.4 | R93: 4 | S93: =IF(OR(O93="Open",O93="In Progress"),"Pending",IF(Q93<=R93,"Yes","No")) | T93: Permission group missing | U93: Added user to correct SharePoint group | V93: Yes
A94: INC100092 | B94: 46065.833 | C94: Phone | D94: Isha Nair | E94: UK | F94: Procurement | G94: iPhone | H94: Printer not responding for shared queue | I94: Hardware | J94: Printer Issue | K94: Printer | L94: Medium | M94: L1 Endpoint Support | N94: No | O94: Resolved | P94: 0.8 | Q94: 12.2 | R94: 8 | S94: =IF(OR(O94="Open",O94="In Progress"),"Pending",IF(Q94<=R94,"Yes","No")) | T94: Driver / spooler issue | U94: Restarted spooler and reinstalled driver | V94: Yes
A95: INC100093 | B95: 46079.031 | C95: Email | D95: Sanjay Singh | E95: India | F95: Legal | G95: Desktop | H95: VPN not connecting from remote location | I95: Access | J95: VPN Access | K95: VPN | L95: Medium | M95: L1 Service Desk | N95: No | O95: Closed | P95: 1.3 | Q95: 6.9 | R95: 8 | S95: =IF(OR(O95="Open",O95="In Progress"),"Pending",IF(Q95<=R95,"Yes","No")) | T95: VPN client profile corruption | U95: Reconfigured VPN profile and validated connection | V95: Yes
A96: INC100094 | B96: 46043.042 | C96: Email | D96: Meera Kapoor | E96: APAC | F96: Legal | G96: Desktop | H96: Account needs disablement after employee exit | I96: Access | J96: Offboarding | K96: Active Directory | L96: Medium | M96: L1 Service Desk | N96: No | O96: Closed | P96: 2.3 | Q96: 3.3 | R96: 8 | S96: =IF(OR(O96="Open",O96="In Progress"),"Pending",IF(Q96<=R96,"Yes","No")) | T96: Offboarding request received | U96: Disabled account and removed active sessions | V96: Yes
A97: INC100095 | B97: 46056.458 | C97: Chat | D97: Lavanya Jain | E97: APAC | F97: Procurement | G97: Thin Client | H97: Printer not responding for shared queue | I97: Hardware | J97: Printer Issue | K97: Printer | L97: Medium | M97: L1 Endpoint Support | N97: No | O97: Resolved | P97: 0.9 | Q97: 10.1 | R97: 8 | S97: =IF(OR(O97="Open",O97="In Progress"),"Pending",IF(Q97<=R97,"Yes","No")) | T97: Driver / spooler issue | U97: Restarted spooler and reinstalled driver | V97: No
A98: INC100096 | B98: 46088.792 | C98: Email | D98: Ananya Das | E98: APAC | F98: IT | G98: Thin Client | H98: Teams login failure after password change | I98: Software | J98: Teams Login | K98: Microsoft Teams | L98: Low | M98: L1 Service Desk | N98: No | O98: Resolved | P98: 2.6 | Q98: 6.6 | R98: 16 | S98: =IF(OR(O98="Open",O98="In Progress"),"Pending",IF(Q98<=R98,"Yes","No")) | T98: Cached credentials mismatch | U98: Cleared Teams cache and reauthenticated | V98: Yes
A99: INC100097 | B99: 46057.49 | C99: Phone | D99: Arjun Kumar | E99: US | F99: Operations | G99: Desktop | H99: MFA push not received on mobile device | I99: Access | J99: MFA Failure | K99: Okta | L99: High | M99: L1 IAM Support | N99: No | O99: Resolved | P99: 0.7 | Q99: 2.3 | R99: 4 | S99: =IF(OR(O99="Open",O99="In Progress"),"Pending",IF(Q99<=R99,"Yes","No")) | T99: Device not enrolled correctly | U99: Re-enrolled MFA in Okta and tested push | V99: Yes
A100: INC100098 | B100: 46039.531 | C100: Portal | D100: Kiran Patel | E100: US | F100: Operations | G100: Laptop | H100: Printer not responding for shared queue | I100: Hardware | J100: Printer Issue | K100: Printer | L100: Low | M100: L1 Endpoint Support | N100: No | O100: Closed | P100: 1.5 | Q100: 10.6 | R100: 16 | S100: =IF(OR(O100="Open",O100="In Progress"),"Pending",IF(Q100<=R100,"Yes","No")) | T100: Driver / spooler issue | U100: Restarted spooler and reinstalled driver | V100: Yes
... A107: INC100105 | B107: 46034.083 | C107: Portal | D107: Karthik Rao | E107: APAC | F107: Finance | G107: Desktop | H107: Account needs disablement after employee exit | I107: Access | J107: Offboarding | K107: Active Directory | L107: Medium | M107: L1 Service Desk | N107: No | O107: Closed | P107: 1.9 | Q107: 9.6 | R107: 8 | S107: =IF(OR(O107="Open",O107="In Progress"),"Pending",IF(Q107<=R107,"Yes","No")) | T107: Offboarding request received | U107: Disabled account and removed active sessions | V107: Yes
A108: INC100106 | B108: 46092.896 | C108: Email | D108: Kiran Sharma | E108: UK | F108: IT | G108: iPhone | H108: Role-based access required for finance application | I108: Access | J108: Role Assignment | K108: Azure AD | L108: Medium | M108: L1 Service Desk | N108: No | O108: In Progress | P108: 3.4 | R108: 8 | S108: =IF(OR(O108="Open",O108="In Progress"),"Pending",IF(Q108<=R108,"Yes","No")) | T108: Missing app role assignment | U108: Pending specialist review / awaiting user confirmation | V108: No
A109: INC100107 | B109: 46043.885 | C109: Chat | D109: Rahul Kapoor | E109: APAC | F109: Finance | G109: Desktop | H109: OS outdated and pending critical patches | I109: Compliance | J109: Patch Compliance | K109: Intune | L109: High | M109: L1 Endpoint Support | N109: Yes | O109: Resolved | P109: 1 | Q109: 3.8 | R109: 4 | S109: =IF(OR(O109="Open",O109="In Progress"),"Pending",IF(Q109<=R109,"Yes","No")) | T109: Pending update ring | U109: Forced sync and scheduled patch installation | V109: No
A110: INC100108 | B110: 46097.906 | C110: Chat | D110: Vikram Sharma | E110: US | F110: Procurement | G110: Laptop | H110: Account needs disablement after employee exit | I110: Access | J110: Offboarding | K110: Active Directory | L110: Medium | M110: L1 Service Desk | N110: Yes | O110: Closed | P110: 0.8 | Q110: 7.8 | R110: 8 | S110: =IF(OR(O110="Open",O110="In Progress"),"Pending",IF(Q110<=R110,"Yes","No")) | T110: Offboarding request received | U110: Disabled account and removed active sessions | V110: No
A111: INC100109 | B111: 46057.26 | C111: Chat | D111: Isha Kapoor | E111: APAC | F111: IT | G111: Laptop | H111: Antivirus disabled warning on endpoint | I111: Compliance | J111: Security Alert | K111: Intune | L111: Medium | M111: L1 Endpoint Support | N111: No | O111: Closed | P111: 0.3 | Q111: 4.7 | R111: 8 | S111: =IF(OR(O111="Open",O111="In Progress"),"Pending",IF(Q111<=R111,"Yes","No")) | T111: Protection service stopped | U111: Restarted endpoint protection service and rechecked | V111: No
A112: INC100110 | B112: 46037.083 | C112: Portal | D112: Ravi Jain | E112: UK | F112: Procurement | G112: Thin Client | H112: System performance slow after updates | I112: Hardware | J112: Performance | K112: Windows | L112: Low | M112: L1 Endpoint Support | N112: No | O112: In Progress | P112: 0.7 | R112: 16 | S112: =IF(OR(O112="Open",O112="In Progress"),"Pending",IF(Q112<=R112,"Yes","No")) | T112: High startup load | U112: Pending specialist review / awaiting user confirmation | V112: No
A113: INC100111 | B113: 46066.458 | C113: Phone | D113: Divya Singh | E113: APAC | F113: Procurement | G113: Laptop | H113: Antivirus disabled warning on endpoint | I113: Compliance | J113: Security Alert | K113: Intune | L113: Medium | M113: L1 Endpoint Support | N113: No | O113: Closed | P113: 1 | Q113: 5.9 | R113: 8 | S113: =IF(OR(O113="Open",O113="In Progress"),"Pending",IF(Q113<=R113,"Yes","No")) | T113: Protection service stopped | U113: Restarted endpoint protection service and rechecked | V113: No
A114: INC100112 | B114: 46086.198 | C114: Chat | D114: Priya Patel | E114: India | F114: Sales | G114: iPhone | H114: Teams login failure after password change | I114: Software | J114: Teams Login | K114: Microsoft Teams | L114: Low | M114: L1 Service Desk | N114: No | O114: Closed | P114: 3.8 | Q114: 18.5 | R114: 16 | S114: =IF(OR(O114="Open",O114="In Progress"),"Pending",IF(Q114<=R114,"Yes","No")) | T114: Cached credentials mismatch | U114: Cleared Teams cache and reauthenticated | V114: Yes
A115: INC100113 | B115: 46093.417 | C115: Chat | D115: Tarun Patel | E115: UK | F115: Customer Support | G115: iPhone | H115: New user mailbox access not available | I115: Access | J115: Mailbox Provisioning | K115: Azure AD | L115: Medium | M115: L1 Service Desk | N115: No | O115: In Progress | P115: 1 | R115: 8 | S115: =IF(OR(O115="Open",O115="In Progress"),"Pending",IF(Q115<=R115,"Yes","No")) | T115: License sync delay | U115: Pending specialist review / awaiting user confirmation | V115: No
A116: INC100114 | B116: 46091.094 | C116: Chat | D116: Isha Das | E116: APAC | F116: HR | G116: iPhone | H116: Outlook not opening on startup | I116: Software | J116: Outlook Issue | K116: Microsoft Office | L116: Medium | M116: L1 Service Desk | N116: Yes | O116: Closed | P116: 0.6 | Q116: 7.2 | R116: 8 | S116: =IF(OR(O116="Open",O116="In Progress"),"Pending",IF(Q116<=R116,"Yes","No")) | T116: Corrupt Office add-in | U116: Started in safe mode and repaired Office | V116: No
A117: INC100115 | B117: 46039.875 | C117: Chat | D117: Sanjay Patel | E117: APAC | F117: HR | G117: iPhone | H117: OTP not received for sign-in verification | I117: Access | J117: OTP Failure | K117: Okta | L117: High | M117: L1 IAM Support | N117: No | O117: Closed | P117: 0.9 | Q117: 2.3 | R117: 4 | S117: =IF(OR(O117="Open",O117="In Progress"),"Pending",IF(Q117<=R117,"Yes","No")) | T117: Outdated phone number | U117: Updated factor settings and retried verification | V117: Yes
A118: INC100116 | B118: 46071.719 | C118: Portal | D118: Sneha Kumar | E118: US | F118: Sales | G118: Laptop | H118: MFA push not received on mobile device | I118: Access | J118: MFA Failure | K118: Okta | L118: Medium | M118: L1 IAM Support | N118: No | O118: Closed | P118: 1.4 | Q118: 3.2 | R118: 8 | S118: =IF(OR(O118="Open",O118="In Progress"),"Pending",IF(Q118<=R118,"Yes","No")) | T118: Device not enrolled correctly | U118: Re-enrolled MFA in Okta and tested push | V118: Yes
A119: INC100117 | B119: 46033.938 | C119: Portal | D119: Karthik Kapoor | E119: APAC | F119: Customer Support | G119: Thin Client | H119: Unable to join Teams meeting from desktop app | I119: Software | J119: Teams Meeting | K119: Microsoft Teams | L119: Medium | M119: L1 Service Desk | N119: No | O119: Resolved | P119: 0.4 | Q119: 10.6 | R119: 8 | S119: =IF(OR(O119="Open",O119="In Progress"),"Pending",IF(Q119<=R119,"Yes","No")) | T119: Client cache / audio stack issue | U119: Reset Teams app and checked device permissions | V119: Yes
A120: INC100118 | B120: 46082.927 | C120: Email | D120: Kiran Gupta | E120: India | F120: HR | G120: iPhone | H120: Teams login failure after password change | I120: Software | J120: Teams Login | K120: Microsoft Teams | L120: Low | M120: L1 Service Desk | N120: No | O120: Resolved | P120: 0.7 | Q120: 13.5 | R120: 16 | S120: =IF(OR(O120="Open",O120="In Progress"),"Pending",IF(Q120<=R120,"Yes","No")) | T120: Cached credentials mismatch | U120: Cleared Teams cache and reauthenticated | V120: Yes
A121: INC100119 | B121: 46045.104 | C121: Email | D121: Kiran Jain | E121: UK | F121: HR | G121: iPhone | H121: VPN not connecting from remote location | I121: Access | J121: VPN Access | K121: VPN | L121: Medium | M121: L1 Service Desk | N121: No | O121: Resolved | P121: 0.5 | Q121: 4.8 | R121: 8 | S121: =IF(OR(O121="Open",O121="In Progress"),"Pending",IF(Q121<=R121,"Yes","No")) | T121: VPN client profile corruption | U121: Reconfigured VPN profile and validated connection | V121: Yes
A122: INC100120 | B122: 46032.229 | C122: Portal | D122: Arjun Verma | E122: APAC | F122: Finance | G122: iPhone | H122: Password reset required after expiry | I122: Login | J122: Password Reset | K122: Active Directory | L122: High | M122: L1 Service Desk | N122: No | O122: In Progress | P122: 2.3 | R122: 4 | S122: =IF(OR(O122="Open",O122="In Progress"),"Pending",IF(Q122<=R122,"Yes","No")) | T122: Password policy expiry | U122: Pending specialist review / awaiting user confirmation | V122: No
A123: INC100121 | B123: 46049.24 | C123: Email | D123: Ananya Nair | E123: India | F123: Finance | G123: iPad | H123: System performance slow after updates | I123: Hardware | J123: Performance | K123: Windows | L123: Low | M123: L1 Endpoint Support | N123: No | O123: Closed | P123: 2 | Q123: 3.6 | R123: 16 | S123: =IF(OR(O123="Open",O123="In Progress"),"Pending",IF(Q123<=R123,"Yes","No")) | T123: High startup load | U123: Optimized startup items and ran health checks | V123: Yes
A124: INC100122 | B124: 46039.479 | C124: Email | D124: Manoj Das | E124: India | F124: IT | G124: Desktop | H124: New user mailbox access not available | I124: Access | J124: Mailbox Provisioning | K124: Azure AD | L124: Medium | M124: L1 Service Desk | N124: No | O124: Resolved | P124: 0.7 | Q124: 9.8 | R124: 8 | S124: =IF(OR(O124="Open",O124="In Progress"),"Pending",IF(Q124<=R124,"Yes","No")) | T124: License sync delay | U124: Verified license assignment and sync completion | V124: No
A125: INC100123 | B125: 46064.01 | C125: Email | D125: Neha Rao | E125: UK | F125: IT | G125: Desktop | H125: SharePoint file sync failing on laptop | I125: Software | J125: Sync Issue | K125: SharePoint | L125: Low | M125: L1 Collaboration Support | N125: No | O125: Closed | P125: 4 | Q125: 7.1 | R125: 16 | S125: =IF(OR(O125="Open",O125="In Progress"),"Pending",IF(Q125<=R125,"Yes","No")) | T125: OneDrive sync conflict | U125: Reset sync client and re-linked library | V125: Yes
A126: INC100124 | B126: 46071.49 | C126: Phone | D126: Meera Kumar | E126: UK | F126: Finance | G126: Desktop | H126: VPN not connecting from remote location | I126: Access | J126: VPN Access | K126: VPN | L126: Medium | M126: L1 Service Desk | N126: No | O126: Closed | P126: 1.5 | Q126: 6.2 | R126: 8 | S126: =IF(OR(O126="Open",O126="In Progress"),"Pending",IF(Q126<=R126,"Yes","No")) | T126: VPN client profile corruption | U126: Reconfigured VPN profile and validated connection | V126: Yes
A127: INC100125 | B127: 46039.771 | C127: Phone | D127: Divya Verma | E127: APAC | F127: IT | G127: iPad | H127: Outlook not opening on startup | I127: Software | J127: Outlook Issue | K127: Microsoft Office | L127: Medium | M127: L1 Service Desk | N127: No | O127: Resolved | P127: 1.5 | Q127: 2 | R127: 8 | S127: =IF(OR(O127="Open",O127="In Progress"),"Pending",IF(Q127<=R127,"Yes","No")) | T127: Corrupt Office add-in | U127: Started in safe mode and repaired Office | V127: No
A128: INC100126 | B128: 46093.562 | C128: Phone | D128: Nikita Jain | E128: India | F128: Operations | G128: Desktop | H128: Account needs disablement after employee exit | I128: Access | J128: Offboarding | K128: Active Directory | L128: Medium | M128: L1 Service Desk | N128: No | O128: Closed | P128: 2 | Q128: 3 | R128: 8 | S128: =IF(OR(O128="Open",O128="In Progress"),"Pending",IF(Q128<=R128,"Yes","No")) | T128: Offboarding request received | U128: Disabled account and removed active sessions | V128: Yes
A129: INC100127 | B129: 46062.583 | C129: Portal | D129: Priya Sharma | E129: US | F129: IT | G129: Thin Client | H129: Unable to join Teams meeting from desktop app | I129: Software | J129: Teams Meeting | K129: Microsoft Teams | L129: Low | M129: L1 Service Desk | N129: No | O129: Closed | P129: 0.7 | Q129: 20.7 | R129: 16 | S129: =IF(OR(O129="Open",O129="In Progress"),"Pending",IF(Q129<=R129,"Yes","No")) | T129: Client cache / audio stack issue | U129: Reset Teams app and checked device permissions | V129: Yes
A130: INC100128 | B130: 46080.938 | C130: Portal | D130: Tarun Mehta | E130: APAC | F130: Procurement | G130: Laptop | H130: MFA push not received on mobile device | I130: Access | J130: MFA Failure | K130: Okta | L130: Medium | M130: L1 IAM Support | N130: No | O130: Closed | P130: 0.9 | Q130: 1.5 | R130: 8 | S130: =IF(OR(O130="Open",O130="In Progress"),"Pending",IF(Q130<=R130,"Yes","No")) | T130: Device not enrolled correctly | U130: Re-enrolled MFA in Okta and tested push | V130: Yes
A131: INC100129 | B131: 46050.969 | C131: Portal | D131: Priya Singh | E131: APAC | F131: Operations | G131: Desktop | H131: Unable to join Teams meeting from desktop app | I131: Software | J131: Teams Meeting | K131: Microsoft Teams | L131: Medium | M131: L1 Service Desk | N131: Yes | O131: Resolved | P131: 0.2 | Q131: 8.6 | R131: 8 | S131: =IF(OR(O131="Open",O131="In Progress"),"Pending",IF(Q131<=R131,"Yes","No")) | T131: Client cache / audio stack issue | U131: Reset Teams app and checked device permissions | V131: No
A132: INC100130 | B132: 46041.281 | C132: Email | D132: Arjun Gupta | E132: APAC | F132: Finance | G132: Thin Client | H132: Printer not responding for shared queue | I132: Hardware | J132: Printer Issue | K132: Printer | L132: Low | M132: L1 Endpoint Support | N132: No | O132: Resolved | P132: 2.3 | Q132: 14.4 | R132: 16 | S132: =IF(OR(O132="Open",O132="In Progress"),"Pending",IF(Q132<=R132,"Yes","No")) | T132: Driver / spooler issue | U132: Restarted spooler and reinstalled driver | V132: Yes
A133: INC100131 | B133: 46073.812 | C133: Email | D133: Lavanya Mehta | E133: UK | F133: Legal | G133: Laptop | H133: MFA push not received on mobile device | I133: Access | J133: MFA Failure | K133: Okta | L133: Medium | M133: L1 IAM Support | N133: No | O133: Closed | P133: 1.4 | Q133: 2.2 | R133: 8 | S133: =IF(OR(O133="Open",O133="In Progress"),"Pending",IF(Q133<=R133,"Yes","No")) | T133: Device not enrolled correctly | U133: Re-enrolled MFA in Okta and tested push | V133: Yes
A134: INC100132 | B134: 46088.49 | C134: Chat | D134: Ravi Nair | E134: UK | F134: Procurement | G134: Laptop | H134: OTP not received for sign-in verification | I134: Access | J134: OTP Failure | K134: Okta | L134: Medium | M134: L1 IAM Support | N134: No | O134: Closed | P134: 2.2 | Q134: 3.3 | R134: 8 | S134: =IF(OR(O134="Open",O134="In Progress"),"Pending",IF(Q134<=R134,"Yes","No")) | T134: Outdated phone number | U134: Updated factor settings and retried verification | V134: Yes
... A143: INC100141 | B143: 46075.198 | C143: Phone | D143: Lavanya Verma | E143: US | F143: Sales | G143: Thin Client | H143: Device marked non-compliant in management portal | I143: Compliance | J143: Compliance Alert | K143: Intune | L143: High | M143: L1 Endpoint Support | N143: No | O143: Closed | P143: 0.7 | Q143: 1.8 | R143: 4 | S143: =IF(OR(O143="Open",O143="In Progress"),"Pending",IF(Q143<=R143,"Yes","No")) | T143: Encryption / policy mismatch | U143: Triggered policy sync and updated compliance state | V143: No
A144: INC100142 | B144: 46071.469 | C144: Chat | D144: Tarun Das | E144: US | F144: Operations | G144: iPhone | H144: User account locked after failed logins | I144: Login | J144: Account Unlock | K144: Active Directory | L144: Medium | M144: L1 Service Desk | N144: No | O144: In Progress | P144: 0.6 | R144: 8 | S144: =IF(OR(O144="Open",O144="In Progress"),"Pending",IF(Q144<=R144,"Yes","No")) | T144: Repeated failed attempts | U144: Pending specialist review / awaiting user confirmation | V144: No
...

Sheet User_Access_Requests
A1: Request ID | B1: Request Date | C1: Employee Name | D1: Department | E1: Request Type | F1: Tool | G1: Access / Action | H1: Approval Status | I1: Completion Status | J1: Assigned Team | K1: SLA Target (hrs) | L1: Completion Time (hrs) | M1: Within SLA | N1: Notes
A2: REQ20000 | B2: 46064.958 | C2: Vikram Das | D2: HR | E2: Role Change | F2: Azure AD | G2: Assign/remove application role | H2: Approved | I2: Completed | J2: IAM Operations | K2: 8 | L2: 0.9 | M2: =IF(OR(I2="Waiting Approval",I2="In Progress"),"Pending",IF(L2<=K2,"Yes","No")) | N2: Role Change request aligned to Azure AD workflow.
A3: REQ20001 | B3: 46059.708 | C3: Neha Iyer | D3: HR | E3: VPN Access | F3: VPN | G3: Provision VPN access | H3: Approved | I3: Completed | J3: Service Desk | K3: 8 | L3: 6.8 | M3: =IF(OR(I3="Waiting Approval",I3="In Progress"),"Pending",IF(L3<=K3,"Yes","No")) | N3: VPN Access request aligned to VPN workflow.
A4: REQ20002 | B4: 46049.167 | C4: Priya Nair | D4: IT | E4: User Onboarding | F4: Azure AD | G4: Create user account + baseline group membership | H4: Pending | I4: Waiting Approval | J4: IAM Operations | K4: 8 | M4: =IF(OR(I4="Waiting Approval",I4="In Progress"),"Pending",IF(L4<=K4,"Yes","No")) | N4: User Onboarding request aligned to Azure AD workflow.
A5: REQ20003 | B5: 46043.583 | C5: Priya Das | D5: Customer Support | E5: VPN Access | F5: VPN | G5: Provision VPN access | H5: Approved | I5: Completed | J5: Service Desk | K5: 8 | L5: 3 | M5: =IF(OR(I5="Waiting Approval",I5="In Progress"),"Pending",IF(L5<=K5,"Yes","No")) | N5: VPN Access request aligned to VPN workflow.
A6: REQ20004 | B6: 46051.458 | C6: Rahul Singh | D6: IT | E6: Role Change | F6: Azure AD | G6: Assign/remove application role | H6: Approved | I6: Completed | J6: IAM Operations | K6: 8 | L6: 2.3 | M6: =IF(OR(I6="Waiting Approval",I6="In Progress"),"Pending",IF(L6<=K6,"Yes","No")) | N6: Role Change request aligned to Azure AD workflow.
A7: REQ20005 | B7: 46062.542 | C7: Rahul Joshi | D7: Legal | E7: User Onboarding | F7: Azure AD | G7: Create user account + baseline group membership | H7: Approved | I7: Completed | J7: IAM Operations | K7: 8 | L7: 0.6 | M7: =IF(OR(I7="Waiting Approval",I7="In Progress"),"Pending",IF(L7<=K7,"Yes","No")) | N7: User Onboarding request aligned to Azure AD workflow.
A8: REQ20006 | B8: 46053.208 | C8: Tarun Verma | D8: Procurement | E8: SharePoint Access | F8: SharePoint | G8: Add to site permissions group | H8: Approved | I8: In Progress | J8: Collaboration Support | K8: 8 | M8: =IF(OR(I8="Waiting Approval",I8="In Progress"),"Pending",IF(L8<=K8,"Yes","No")) | N8: SharePoint Access request aligned to SharePoint workflow.
A9: REQ20007 | B9: 46078.792 | C9: Isha Verma | D9: Sales | E9: Role Change | F9: Azure AD | G9: Assign/remove application role | H9: Approved | I9: Completed | J9: IAM Operations | K9: 8 | L9: 2.2 | M9: =IF(OR(I9="Waiting Approval",I9="In Progress"),"Pending",IF(L9<=K9,"Yes","No")) | N9: Role Change request aligned to Azure AD workflow.
A10: REQ20008 | B10: 46082.583 | C10: Aarav Mehta | D10: Finance | E10: Role Change | F10: Azure AD | G10: Assign/remove application role | H10: Pending | I10: Waiting Approval | J10: IAM Operations | K10: 8 | M10: =IF(OR(I10="Waiting Approval",I10="In Progress"),"Pending",IF(L10<=K10,"Yes","No")) | N10: Role Change request aligned to Azure AD workflow.
A11: REQ20009 | B11: 46037.167 | C11: Arjun Das | D11: Sales | E11: MFA Enrollment | F11: Okta | G11: Enroll user in MFA factor | H11: Pending | I11: Waiting Approval | J11: IAM Operations | K11: 4 | M11: =IF(OR(I11="Waiting Approval",I11="In Progress"),"Pending",IF(L11<=K11,"Yes","No")) | N11: MFA Enrollment request aligned to Okta workflow.
A12: REQ20010 | B12: 46033.417 | C12: Kiran Kapoor | D12: Procurement | E12: Password Reset | F12: Active Directory | G12: Reset password and verify login | H12: Approved | I12: Completed | J12: Service Desk | K12: 4 | L12: 4.8 | M12: =IF(OR(I12="Waiting Approval",I12="In Progress"),"Pending",IF(L12<=K12,"Yes","No")) | N12: Password Reset request aligned to Active Directory workflow.
A13: REQ20011 | B13: 46088.125 | C13: Divya Nair | D13: HR | E13: Mailbox Enablement | F13: Azure AD | G13: Apply productivity license | H13: Approved | I13: Completed | J13: IAM Operations | K13: 8 | L13: 4.8 | M13: =IF(OR(I13="Waiting Approval",I13="In Progress"),"Pending",IF(L13<=K13,"Yes","No")) | N13: Mailbox Enablement request aligned to Azure AD workflow.
A14: REQ20012 | B14: 46065.417 | C14: Kiran Kumar | D14: Procurement | E14: User Onboarding | F14: Azure AD | G14: Create user account + baseline group membership | H14: Approved | I14: Completed | J14: IAM Operations | K14: 8 | L14: 6.6 | M14: =IF(OR(I14="Waiting Approval",I14="In Progress"),"Pending",IF(L14<=K14,"Yes","No")) | N14: User Onboarding request aligned to Azure AD workflow.
A15: REQ20013 | B15: 46055.458 | C15: Sanjay Iyer | D15: Sales | E15: Role Change | F15: Azure AD | G15: Assign/remove application role | H15: Approved | I15: Completed | J15: IAM Operations | K15: 8 | L15: 1.3 | M15: =IF(OR(I15="Waiting Approval",I15="In Progress"),"Pending",IF(L15<=K15,"Yes","No")) | N15: Role Change request aligned to Azure AD workflow.
A16: REQ20014 | B16: 46042.333 | C16: Sanjay Nair | D16: IT | E16: User Offboarding | F16: Active Directory | G16: Disable account + revoke sessions | H16: Pending | I16: Waiting Approval | J16: IAM Operations | K16: 4 | M16: =IF(OR(I16="Waiting Approval",I16="In Progress"),"Pending",IF(L16<=K16,"Yes","No")) | N16: User Offboarding request aligned to Active Directory workflow.
A17: REQ20015 | B17: 46074.042 | C17: Divya Verma | D17: Sales | E17: User Offboarding | F17: Active Directory | G17: Disable account + revoke sessions | H17: Pending | I17: Waiting Approval | J17: IAM Operations | K17: 4 | M17: =IF(OR(I17="Waiting Approval",I17="In Progress"),"Pending",IF(L17<=K17,"Yes","No")) | N17: User Offboarding request aligned to Active Directory workflow.
A18: REQ20016 | B18: 46067.833 | C18: Vikram Rao | D18: HR | E18: MFA Enrollment | F18: Okta | G18: Enroll user in MFA factor | H18: Approved | I18: Completed | J18: IAM Operations | K18: 4 | L18: 2.8 | M18: =IF(OR(I18="Waiting Approval",I18="In Progress"),"Pending",IF(L18<=K18,"Yes","No")) | N18: MFA Enrollment request aligned to Okta workflow.
A19: REQ20017 | B19: 46046.667 | C19: Ravi Patel | D19: HR | E19: User Onboarding | F19: Azure AD | G19: Create user account + baseline group membership | H19: Approved | I19: Completed | J19: IAM Operations | K19: 8 | L19: 2.7 | M19: =IF(OR(I19="Waiting Approval",I19="In Progress"),"Pending",IF(L19<=K19,"Yes","No")) | N19: User Onboarding request aligned to Azure AD workflow.
A20: REQ20018 | B20: 46030.958 | C20: Karthik Rao | D20: Legal | E20: VPN Access | F20: VPN | G20: Provision VPN access | H20: Approved | I20: Completed | J20: Service Desk | K20: 8 | L20: 5.1 | M20: =IF(OR(I20="Waiting Approval",I20="In Progress"),"Pending",IF(L20<=K20,"Yes","No")) | N20: VPN Access request aligned to VPN workflow.
A21: REQ20019 | B21: 46038.667 | C21: Aarav Sharma | D21: Sales | E21: VPN Access | F21: VPN | G21: Provision VPN access | H21: Approved | I21: Completed | J21: Service Desk | K21: 8 | L21: 5.1 | M21: =IF(OR(I21="Waiting Approval",I21="In Progress"),"Pending",IF(L21<=K21,"Yes","No")) | N21: VPN Access request aligned to VPN workflow.
A22: REQ20020 | B22: 46078 | C22: Tarun Iyer | D22: HR | E22: User Offboarding | F22: Active Directory | G22: Disable account + revoke sessions | H22: Approved | I22: Completed | J22: IAM Operations | K22: 4 | L22: 3.2 | M22: =IF(OR(I22="Waiting Approval",I22="In Progress"),"Pending",IF(L22<=K22,"Yes","No")) | N22: User Offboarding request aligned to Active Directory workflow.
A23: REQ20021 | B23: 46056.625 | C23: Sneha Sharma | D23: Legal | E23: User Offboarding | F23: Active Directory | G23: Disable account + revoke sessions | H23: Approved | I23: Completed | J23: IAM Operations | K23: 4 | L23: 2.9 | M23: =IF(OR(I23="Waiting Approval",I23="In Progress"),"Pending",IF(L23<=K23,"Yes","No")) | N23: User Offboarding request aligned to Active Directory workflow.
A24: REQ20022 | B24: 46030.833 | C24: Karthik Jain | D24: Customer Support | E24: Password Reset | F24: Active Directory | G24: Reset password and verify login | H24: Approved | I24: Completed | J24: Service Desk | K24: 4 | L24: 1.4 | M24: =IF(OR(I24="Waiting Approval",I24="In Progress"),"Pending",IF(L24<=K24,"Yes","No")) | N24: Password Reset request aligned to Active Directory workflow.
A25: REQ20023 | B25: 46031.25 | C25: Nikita Singh | D25: Sales | E25: VPN Access | F25: VPN | G25: Provision VPN access | H25: Approved | I25: In Progress | J25: Service Desk | K25: 8 | M25: =IF(OR(I25="Waiting Approval",I25="In Progress"),"Pending",IF(L25<=K25,"Yes","No")) | N25: VPN Access request aligned to VPN workflow.
A26: REQ20024 | B26: 46075.292 | C26: Isha Sharma | D26: HR | E26: Mailbox Enablement | F26: Azure AD | G26: Apply productivity license | H26: Approved | I26: In Progress | J26: IAM Operations | K26: 8 | M26: =IF(OR(I26="Waiting Approval",I26="In Progress"),"Pending",IF(L26<=K26,"Yes","No")) | N26: Mailbox Enablement request aligned to Azure AD workflow.
A27: REQ20025 | B27: 46064.083 | C27: Arjun Jain | D27: Sales | E27: VPN Access | F27: VPN | G27: Provision VPN access | H27: Approved | I27: In Progress | J27: Service Desk | K27: 8 | M27: =IF(OR(I27="Waiting Approval",I27="In Progress"),"Pending",IF(L27<=K27,"Yes","No")) | N27: VPN Access request aligned to VPN workflow.
A28: REQ20026 | B28: 46069.25 | C28: Lavanya Verma | D28: Legal | E28: Role Change | F28: Azure AD | G28: Assign/remove application role | H28: Approved | I28: Completed | J28: IAM Operations | K28: 8 | L28: 2.8 | M28: =IF(OR(I28="Waiting Approval",I28="In Progress"),"Pending",IF(L28<=K28,"Yes","No")) | N28: Role Change request aligned to Azure AD workflow.
A29: REQ20027 | B29: 46030.833 | C29: Vikram Sharma | D29: Legal | E29: SharePoint Access | F29: SharePoint | G29: Add to site permissions group | H29: Approved | I29: Completed | J29: Collaboration Support | K29: 8 | L29: 5.3 | M29: =IF(OR(I29="Waiting Approval",I29="In Progress"),"Pending",IF(L29<=K29,"Yes","No")) | N29: SharePoint Access request aligned to SharePoint workflow.
A30: REQ20028 | B30: 46073.833 | C30: Priya Verma | D30: Sales | E30: MFA Enrollment | F30: Okta | G30: Enroll user in MFA factor | H30: Pending | I30: Waiting Approval | J30: IAM Operations | K30: 4 | M30: =IF(OR(I30="Waiting Approval",I30="In Progress"),"Pending",IF(L30<=K30,"Yes","No")) | N30: MFA Enrollment request aligned to Okta workflow.
A31: REQ20029 | B31: 46043.125 | C31: Neha Kumar | D31: IT | E31: Role Change | F31: Azure AD | G31: Assign/remove application role | H31: Approved | I31: Completed | J31: IAM Operations | K31: 8 | L31: 4.6 | M31: =IF(OR(I31="Waiting Approval",I31="In Progress"),"Pending",IF(L31<=K31,"Yes","No")) | N31: Role Change request aligned to Azure AD workflow.
A32: REQ20030 | B32: 46076.375 | C32: Arjun Rao | D32: Legal | E32: VPN Access | F32: VPN | G32: Provision VPN access | H32: Approved | I32: Completed | J32: Service Desk | K32: 8 | L32: 2.2 | M32: =IF(OR(I32="Waiting Approval",I32="In Progress"),"Pending",IF(L32<=K32,"Yes","No")) | N32: VPN Access request aligned to VPN workflow.
A33: REQ20031 | B33: 46030 | C33: Manoj Nair | D33: Finance | E33: SharePoint Access | F33: SharePoint | G33: Add to site permissions group | H33: Approved | I33: Completed | J33: Collaboration Support | K33: 8 | L33: 1.8 | M33: =IF(OR(I33="Waiting Approval",I33="In Progress"),"Pending",IF(L33<=K33,"Yes","No")) | N33: SharePoint Access request aligned to SharePoint workflow.
A34: REQ20032 | B34: 46033.375 | C34: Aarav Patel | D34: Operations | E34: Role Change | F34: Azure AD | G34: Assign/remove application role | H34: Approved | I34: Completed | J34: IAM Operations | K34: 8 | L34: 7.4 | M34: =IF(OR(I34="Waiting Approval",I34="In Progress"),"Pending",IF(L34<=K34,"Yes","No")) | N34: Role Change request aligned to Azure AD workflow.
A35: REQ20033 | B35: 46078.333 | C35: Sneha Mehta | D35: Procurement | E35: Mailbox Enablement | F35: Azure AD | G35: Apply productivity license | H35: Approved | I35: Completed | J35: IAM Operations | K35: 8 | L35: 3.7 | M35: =IF(OR(I35="Waiting Approval",I35="In Progress"),"Pending",IF(L35<=K35,"Yes","No")) | N35: Mailbox Enablement request aligned to Azure AD workflow.
A36: REQ20034 | B36: 46083.708 | C36: Ravi Patel | D36: IT | E36: Password Reset | F36: Active Directory | G36: Reset password and verify login | H36: Approved | I36: Completed | J36: Service Desk | K36: 4 | L36: 1.5 | M36: =IF(OR(I36="Waiting Approval",I36="In Progress"),"Pending",IF(L36<=K36,"Yes","No")) | N36: Password Reset request aligned to Active Directory workflow.
A37: REQ20035 | B37: 46090.5 | C37: Aarav Kapoor | D37: Customer Support | E37: VPN Access | F37: VPN | G37: Provision VPN access | H37: Approved | I37: Completed | J37: Service Desk | K37: 8 | L37: 6.5 | M37: =IF(OR(I37="Waiting Approval",I37="In Progress"),"Pending",IF(L37<=K37,"Yes","No")) | N37: VPN Access request aligned to VPN workflow.
A38: REQ20036 | B38: 46082.875 | C38: Tarun Reddy | D38: Legal | E38: SharePoint Access | F38: SharePoint | G38: Add to site permissions group | H38: Approved | I38: Completed | J38: Collaboration Support | K38: 8 | L38: 7.7 | M38: =IF(OR(I38="Waiting Approval",I38="In Progress"),"Pending",IF(L38<=K38,"Yes","No")) | N38: SharePoint Access request aligned to SharePoint workflow.
A39: REQ20037 | B39: 46082.583 | C39: Rahul Rao | D39: IT | E39: VPN Access | F39: VPN | G39: Provision VPN access | H39: Pending | I39: Waiting Approval | J39: Service Desk | K39: 8 | M39: =IF(OR(I39="Waiting Approval",I39="In Progress"),"Pending",IF(L39<=K39,"Yes","No")) | N39: VPN Access request aligned to VPN workflow.
A40: REQ20038 | B40: 46050.958 | C40: Arjun Kumar | D40: HR | E40: User Onboarding | F40: Azure AD | G40: Create user account + baseline group membership | H40: Approved | I40: Completed | J40: IAM Operations | K40: 8 | L40: 0.9 | M40: =IF(OR(I40="Waiting Approval",I40="In Progress"),"Pending",IF(L40<=K40,"Yes","No")) | N40: User Onboarding request aligned to Azure AD workflow.
A41: REQ20039 | B41: 46090.833 | C41: Pooja Patel | D41: Customer Support | E41: Password Reset | F41: Active Directory | G41: Reset password and verify login | H41: Pending | I41: Waiting Approval | J41: Service Desk | K41: 4 | M41: =IF(OR(I41="Waiting Approval",I41="In Progress"),"Pending",IF(L41<=K41,"Yes","No")) | N41: Password Reset request aligned to Active Directory workflow.
A42: REQ20040 | B42: 46058.292 | C42: Lavanya Gupta | D42: HR | E42: Mailbox Enablement | F42: Azure AD | G42: Apply productivity license | H42: Pending | I42: Waiting Approval | J42: IAM Operations | K42: 8 | M42: =IF(OR(I42="Waiting Approval",I42="In Progress"),"Pending",IF(L42<=K42,"Yes","No")) | N42: Mailbox Enablement request aligned to Azure AD workflow.
A43: REQ20041 | B43: 46042.208 | C43: Sanjay Reddy | D43: Finance | E43: SharePoint Access | F43: SharePoint | G43: Add to site permissions group | H43: Approved | I43: Completed | J43: Collaboration Support | K43: 8 | L43: 3.7 | M43: =IF(OR(I43="Waiting Approval",I43="In Progress"),"Pending",IF(L43<=K43,"Yes","No")) | N43: SharePoint Access request aligned to SharePoint workflow.
A44: REQ20042 | B44: 46057.5 | C44: Neha Joshi | D44: Customer Support | E44: User Offboarding | F44: Active Directory | G44: Disable account + revoke sessions | H44: Approved | I44: Completed | J44: IAM Operations | K44: 4 | L44: 3.1 | M44: =IF(OR(I44="Waiting Approval",I44="In Progress"),"Pending",IF(L44<=K44,"Yes","No")) | N44: User Offboarding request aligned to Active Directory workflow.
A45: REQ20043 | B45: 46057.167 | C45: Nikita Singh | D45: Legal | E45: User Offboarding | F45: Active Directory | G45: Disable account + revoke sessions | H45: Approved | I45: In Progress | J45: IAM Operations | K45: 4 | M45: =IF(OR(I45="Waiting Approval",I45="In Progress"),"Pending",IF(L45<=K45,"Yes","No")) | N45: User Offboarding request aligned to Active Directory workflow.
A46: REQ20044 | B46: 46080.125 | C46: Pooja Patel | D46: Finance | E46: VPN Access | F46: VPN | G46: Provision VPN access | H46: Approved | I46: Completed | J46: Service Desk | K46: 8 | L46: 5.6 | M46: =IF(OR(I46="Waiting Approval",I46="In Progress"),"Pending",IF(L46<=K46,"Yes","No")) | N46: VPN Access request aligned to VPN workflow.
A47: REQ20045 | B47: 46084.667 | C47: Ananya Iyer | D47: Sales | E47: MFA Enrollment | F47: Okta | G47: Enroll user in MFA factor | H47: Approved | I47: Completed | J47: IAM Operations | K47: 4 | L47: 2.1 | M47: =IF(OR(I47="Waiting Approval",I47="In Progress"),"Pending",IF(L47<=K47,"Yes","No")) | N47: MFA Enrollment request aligned to Okta workflow.
A48: REQ20046 | B48: 46059.083 | C48: Aarav Gupta | D48: HR | E48: User Onboarding | F48: Azure AD | G48: Create user account + baseline group membership | H48: Approved | I48: In Progress | J48: IAM Operations | K48: 8 | M48: =IF(OR(I48="Waiting Approval",I48="In Progress"),"Pending",IF(L48<=K48,"Yes","No")) | N48: User Onboarding request aligned to Azure AD workflow.
A49: REQ20047 | B49: 46036.583 | C49: Aarav Kumar | D49: Operations | E49: SharePoint Access | F49: SharePoint | G49: Add to site permissions group | H49: Approved | I49: Completed | J49: Collaboration Support | K49: 8 | L49: 6.2 | M49: =IF(OR(I49="Waiting Approval",I49="In Progress"),"Pending",IF(L49<=K49,"Yes","No")) | N49: SharePoint Access request aligned to SharePoint workflow.
A50: REQ20048 | B50: 46070.042 | C50: Vikram Reddy | D50: Customer Support | E50: Password Reset | F50: Active Directory | G50: Reset password and verify login | H50: Approved | I50: Completed | J50: Service Desk | K50: 4 | L50: 2 | M50: =IF(OR(I50="Waiting Approval",I50="In Progress"),"Pending",IF(L50<=K50,"Yes","No")) | N50: Password Reset request aligned to Active Directory workflow.
A51: REQ20049 | B51: 46065.833 | C51: Sanjay Iyer | D51: Sales | E51: MFA Enrollment | F51: Okta | G51: Enroll user in MFA factor | H51: Approved | I51: Completed | J51: IAM Operations | K51: 4 | L51: 0.8 | M51: =IF(OR(I51="Waiting Approval",I51="In Progress"),"Pending",IF(L51<=K51,"Yes","No")) | N51: MFA Enrollment request aligned to Okta workflow.
A52: REQ20050 | B52: 46074.5 | C52: Pooja Verma | D52: Sales | E52: Role Change | F52: Azure AD | G52: Assign/remove application role | H52: Approved | I52: In Progress | J52: IAM Operations | K52: 8 | M52: =IF(OR(I52="Waiting Approval",I52="In Progress"),"Pending",IF(L52<=K52,"Yes","No")) | N52: Role Change request aligned to Azure AD workflow.
A53: REQ20051 | B53: 46074 | C53: Isha Singh | D53: Sales | E53: Mailbox Enablement | F53: Azure AD | G53: Apply productivity license | H53: Pending | I53: Waiting Approval | J53: IAM Operations | K53: 8 | M53: =IF(OR(I53="Waiting Approval",I53="In Progress"),"Pending",IF(L53<=K53,"Yes","No")) | N53: Mailbox Enablement request aligned to Azure AD workflow.
A54: REQ20052 | B54: 46035.042 | C54: Karthik Joshi | D54: Finance | E54: MFA Enrollment | F54: Okta | G54: Enroll user in MFA factor | H54: Approved | I54: Completed | J54: IAM Operations | K54: 4 | L54: 3.6 | M54: =IF(OR(I54="Waiting Approval",I54="In Progress"),"Pending",IF(L54<=K54,"Yes","No")) | N54: MFA Enrollment request aligned to Okta workflow.
A55: REQ20053 | B55: 46046.375 | C55: Arjun Patel | D55: Finance | E55: VPN Access | F55: VPN | G55: Provision VPN access | H55: Pending | I55: Waiting Approval | J55: Service Desk | K55: 8 | M55: =IF(OR(I55="Waiting Approval",I55="In Progress"),"Pending",IF(L55<=K55,"Yes","No")) | N55: VPN Access request aligned to VPN workflow.
A56: REQ20054 | B56: 46086.625 | C56: Pooja Kumar | D56: Operations | E56: User Offboarding | F56: Active Directory | G56: Disable account + revoke sessions | H56: Approved | I56: Completed | J56: IAM Operations | K56: 4 | L56: 4.8 | M56: =IF(OR(I56="Waiting Approval",I56="In Progress"),"Pending",IF(L56<=K56,"Yes","No")) | N56: User Offboarding request aligned to Active Directory workflow.
A57: REQ20055 | B57: 46035.75 | C57: Karthik Das | D57: Customer Support | E57: User Offboarding | F57: Active Directory | G57: Disable account + revoke sessions | H57: Approved | I57: Completed | J57: IAM Operations | K57: 4 | L57: 2.9 | M57: =IF(OR(I57="Waiting Approval",I57="In Progress"),"Pending",IF(L57<=K57,"Yes","No")) | N57: User Offboarding request aligned to Active Directory workflow.
A58: REQ20056 | B58: 46088.083 | C58: Nikita Singh | D58: Customer Support | E58: User Onboarding | F58: Azure AD | G58: Create user account + baseline group membership | H58: Approved | I58: In Progress | J58: IAM Operations | K58: 8 | M58: =IF(OR(I58="Waiting Approval",I58="In Progress"),"Pending",IF(L58<=K58,"Yes","No")) | N58: User Onboarding request aligned to Azure AD workflow.
A59: REQ20057 | B59: 46040.958 | C59: Tarun Singh | D59: HR | E59: VPN Access | F59: VPN | G59: Provision VPN access | H59: Approved | I59: Completed | J59: Service Desk | K59: 8 | L59: 8.3 | M59: =IF(OR(I59="Waiting Approval",I59="In Progress"),"Pending",IF(L59<=K59,"Yes","No")) | N59: VPN Access request aligned to VPN workflow.
A60: REQ20058 | B60: 46063.375 | C60: Vikram Gupta | D60: Legal | E60: Role Change | F60: Azure AD | G60: Assign/remove application role | H60: Pending | I60: Waiting Approval | J60: IAM Operations | K60: 8 | M60: =IF(OR(I60="Waiting Approval",I60="In Progress"),"Pending",IF(L60<=K60,"Yes","No")) | N60: Role Change request aligned to Azure AD workflow.
A61: REQ20059 | B61: 46043 | C61: Vikram Gupta | D61: Operations | E61: User Onboarding | F61: Azure AD | G61: Create user account + baseline group membership | H61: Pending | I61: Waiting Approval | J61: IAM Operations | K61: 8 | M61: =IF(OR(I61="Waiting Approval",I61="In Progress"),"Pending",IF(L61<=K61,"Yes","No")) | N61: User Onboarding request aligned to Azure AD workflow.
A62: REQ20060 | B62: 46062.083 | C62: Ravi Kapoor | D62: Sales | E62: User Onboarding | F62: Azure AD | G62: Create user account + baseline group membership | H62: Approved | I62: In Progress | J62: IAM Operations | K62: 8 | M62: =IF(OR(I62="Waiting Approval",I62="In Progress"),"Pending",IF(L62<=K62,"Yes","No")) | N62: User Onboarding request aligned to Azure AD workflow.
A63: REQ20061 | B63: 46060.083 | C63: Aarav Mehta | D63: Procurement | E63: MFA Enrollment | F63: Okta | G63: Enroll user in MFA factor | H63: Approved | I63: Completed | J63: IAM Operations | K63: 4 | L63: 4.5 | M63: =IF(OR(I63="Waiting Approval",I63="In Progress"),"Pending",IF(L63<=K63,"Yes","No")) | N63: MFA Enrollment request aligned to Okta workflow.
A64: REQ20062 | B64: 46047.75 | C64: Kiran Iyer | D64: Legal | E64: User Offboarding | F64: Active Directory | G64: Disable account + revoke sessions | H64: Approved | I64: Completed | J64: IAM Operations | K64: 4 | L64: 0.8 | M64: =IF(OR(I64="Waiting Approval",I64="In Progress"),"Pending",IF(L64<=K64,"Yes","No")) | N64: User Offboarding request aligned to Active Directory workflow.
A65: REQ20063 | B65: 46046.333 | C65: Pooja Kapoor | D65: Legal | E65: Password Reset | F65: Active Directory | G65: Reset password and verify login | H65: Approved | I65: Completed | J65: Service Desk | K65: 4 | L65: 1.5 | M65: =IF(OR(I65="Waiting Approval",I65="In Progress"),"Pending",IF(L65<=K65,"Yes","No")) | N65: Password Reset request aligned to Active Directory workflow.
A66: REQ20064 | B66: 46039.875 | C66: Manoj Joshi | D66: Finance | E66: Mailbox Enablement | F66: Azure AD | G66: Apply productivity license | H66: Approved | I66: Completed | J66: IAM Operations | K66: 8 | L66: 0.9 | M66: =IF(OR(I66="Waiting Approval",I66="In Progress"),"Pending",IF(L66<=K66,"Yes","No")) | N66: Mailbox Enablement request aligned to Azure AD workflow.
A67: REQ20065 | B67: 46067.25 | C67: Priya Joshi | D67: IT | E67: User Onboarding | F67: Azure AD | G67: Create user account + baseline group membership | H67: Approved | I67: Completed | J67: IAM Operations | K67: 8 | L67: 3.4 | M67: =IF(OR(I67="Waiting Approval",I67="In Progress"),"Pending",IF(L67<=K67,"Yes","No")) | N67: User Onboarding request aligned to Azure AD workflow.
A68: REQ20066 | B68: 46086.458 | C68: Aarav Kumar | D68: IT | E68: User Offboarding | F68: Active Directory | G68: Disable account + revoke sessions | H68: Pending | I68: Waiting Approval | J68: IAM Operations | K68: 4 | M68: =IF(OR(I68="Waiting Approval",I68="In Progress"),"Pending",IF(L68<=K68,"Yes","No")) | N68: User Offboarding request aligned to Active Directory workflow.
A69: REQ20067 | B69: 46043.458 | C69: Isha Singh | D69: IT | E69: Password Reset | F69: Active Directory | G69: Reset password and verify login | H69: Approved | I69: Completed | J69: Service Desk | K69: 4 | L69: 3.2 | M69: =IF(OR(I69="Waiting Approval",I69="In Progress"),"Pending",IF(L69<=K69,"Yes","No")) | N69: Password Reset request aligned to Active Directory workflow.
A70: REQ20068 | B70: 46052.625 | C70: Aarav Gupta | D70: Finance | E70: User Offboarding | F70: Active Directory | G70: Disable account + revoke sessions | H70: Approved | I70: Completed | J70: IAM Operations | K70: 4 | L70: 2.7 | M70: =IF(OR(I70="Waiting Approval",I70="In Progress"),"Pending",IF(L70<=K70,"Yes","No")) | N70: User Offboarding request aligned to Active Directory workflow.
A71: REQ20069 | B71: 46083.917 | C71: Pooja Das | D71: Finance | E71: MFA Enrollment | F71: Okta | G71: Enroll user in MFA factor | H71: Approved | I71: In Progress | J71: IAM Operations | K71: 4 | M71: =IF(OR(I71="Waiting Approval",I71="In Progress"),"Pending",IF(L71<=K71,"Yes","No")) | N71: MFA Enrollment request aligned to Okta workflow.
A72: REQ20070 | B72: 46083.542 | C72: Neha Singh | D72: Finance | E72: VPN Access | F72: VPN | G72: Provision VPN access | H72: Approved | I72: Completed | J72: Service Desk | K72: 8 | L72: 6.5 | M72: =IF(OR(I72="Waiting Approval",I72="In Progress"),"Pending",IF(L72<=K72,"Yes","No")) | N72: VPN Access request aligned to VPN workflow.
A73: REQ20071 | B73: 46064.458 | C73: Karthik Rao | D73: IT | E73: MFA Enrollment | F73: Okta | G73: Enroll user in MFA factor | H73: Pending | I73: Waiting Approval | J73: IAM Operations | K73: 4 | M73: =IF(OR(I73="Waiting Approval",I73="In Progress"),"Pending",IF(L73<=K73,"Yes","No")) | N73: MFA Enrollment request aligned to Okta workflow.
A74: REQ20072 | B74: 46046.917 | C74: Sanjay Iyer | D74: Customer Support | E74: MFA Enrollment | F74: Okta | G74: Enroll user in MFA factor | H74: Approved | I74: Completed | J74: IAM Operations | K74: 4 | L74: 3.3 | M74: =IF(OR(I74="Waiting Approval",I74="In Progress"),"Pending",IF(L74<=K74,"Yes","No")) | N74: MFA Enrollment request aligned to Okta workflow.
A75: REQ20073 | B75: 46076.208 | C75: Nikita Singh | D75: Procurement | E75: Role Change | F75: Azure AD | G75: Assign/remove application role | H75: Approved | I75: Completed | J75: IAM Operations | K75: 8 | L75: 2.5 | M75: =IF(OR(I75="Waiting Approval",I75="In Progress"),"Pending",IF(L75<=K75,"Yes","No")) | N75: Role Change request aligned to Azure AD workflow.
A76: REQ20074 | B76: 46051.958 | C76: Vikram Jain | D76: Procurement | E76: Role Change | F76: Azure AD | G76: Assign/remove application role | H76: Approved | I76: Completed | J76: IAM Operations | K76: 8 | L76: 0.9 | M76: =IF(OR(I76="Waiting Approval",I76="In Progress"),"Pending",IF(L76<=K76,"Yes","No")) | N76: Role Change request aligned to Azure AD workflow.
A77: REQ20075 | B77: 46084.667 | C77: Ravi Jain | D77: Operations | E77: Mailbox Enablement | F77: Azure AD | G77: Apply productivity license | H77: Approved | I77: In Progress | J77: IAM Operations | K77: 8 | M77: =IF(OR(I77="Waiting Approval",I77="In Progress"),"Pending",IF(L77<=K77,"Yes","No")) | N77: Mailbox Enablement request aligned to Azure AD workflow.
A78: REQ20076 | B78: 46050.458 | C78: Pooja Gupta | D78: Customer Support | E78: MFA Enrollment | F78: Okta | G78: Enroll user in MFA factor | H78: Approved | I78: Completed | J78: IAM Operations | K78: 4 | L78: 2.8 | M78: =IF(OR(I78="Waiting Approval",I78="In Progress"),"Pending",IF(L78<=K78,"Yes","No")) | N78: MFA Enrollment request aligned to Okta workflow.
A79: REQ20077 | B79: 46085.625 | C79: Divya Das | D79: Procurement | E79: Password Reset | F79: Active Directory | G79: Reset password and verify login | H79: Approved | I79: Completed | J79: Service Desk | K79: 4 | L79: 2.9 | M79: =IF(OR(I79="Waiting Approval",I79="In Progress"),"Pending",IF(L79<=K79,"Yes","No")) | N79: Password Reset request aligned to Active Directory workflow.
A80: REQ20078 | B80: 46086.333 | C80: Ravi Jain | D80: HR | E80: VPN Access | F80: VPN | G80: Provision VPN access | H80: Approved | I80: Completed | J80: Service Desk | K80: 8 | L80: 2.7 | M80: =IF(OR(I80="Waiting Approval",I80="In Progress"),"Pending",IF(L80<=K80,"Yes","No")) | N80: VPN Access request aligned to VPN workflow.
A81: REQ20079 | B81: 46056.583 | C81: Divya Iyer | D81: Procurement | E81: Mailbox Enablement | F81: Azure AD | G81: Apply productivity license | H81: Pending | I81: Waiting Approval | J81: IAM Operations | K81: 8 | M81: =IF(OR(I81="Waiting Approval",I81="In Progress"),"Pending",IF(L81<=K81,"Yes","No")) | N81: Mailbox Enablement request aligned to Azure AD workflow.

Sheet Escalation_Cases
A1: Ticket ID | B1: Issue Summary | C1: Category | D1: Primary Tool | E1: Priority | F1: Opened Date | G1: Escalated To | H1: Reason for Escalation | I1: Business Impact | J1: Handoff Notes | K1: Current Status
A2: INC100001 | B2: SharePoint file sync failing on laptop | C2: Software | D2: SharePoint | E2: Medium | F2: 46067.021 | G2: L2 Collaboration Team | H2: Issue exceeded L1 troubleshooting scope | I2: Multiple failed authentication attempts affecting productivity | J2: L1 checks completed; shared logs, user impact, and troubleshooting history with L2 Collaboration Team. | K2: Assigned to L2
A3: INC100006 | B3: Account needs disablement after employee exit | C3: Access | D3: Active Directory | E3: High | F3: 46081.688 | G3: L2 IAM Engineering | H3: Compliance state not updating after standard sync | I3: Collaboration and document access interrupted | J3: L1 checks completed; shared logs, user impact, and troubleshooting history with L2 IAM Engineering. | K3: Assigned to L2
A4: INC100007 | B4: System performance slow after updates | C4: Hardware | D4: Windows | E4: Medium | F4: 46033.26 | G4: L2 Endpoint Engineering | H4: Requires backend platform review | I4: Access blocked for payroll / finance processing | J4: L1 checks completed; shared logs, user impact, and troubleshooting history with L2 Endpoint Engineering. | K4: Assigned to L2
A5: INC100008 | B5: Account needs disablement after employee exit | C5: Access | D5: Active Directory | E5: Medium | F5: 46064.427 | G5: L2 IAM Engineering | H5: Compliance state not updating after standard sync | I5: Multiple failed authentication attempts affecting productivity | J5: L1 checks completed; shared logs, user impact, and troubleshooting history with L2 IAM Engineering. | K5: Resolved by L2
A6: INC100022 | B6: Access denied to SharePoint team site | C6: Access | D6: SharePoint | E6: High | F6: 46098.031 | G6: L2 Collaboration Team | H6: Requires backend platform review | I6: User unable to work on business-critical application | J6: L1 checks completed; shared logs, user impact, and troubleshooting history with L2 Collaboration Team. | K6: Under Investigation
A7: INC100023 | B7: New user mailbox access not available | C7: Access | D7: Azure AD | E7: Medium | F7: 46071.823 | G7: L2 IAM Engineering | H7: Policy / configuration change required | I7: Access blocked for payroll / finance processing | J7: L1 checks completed; shared logs, user impact, and troubleshooting history with L2 IAM Engineering. | K7: Resolved by L2
A8: INC100026 | B8: OTP not received for sign-in verification | C8: Access | D8: Okta | E8: Medium | F8: 46085.073 | G8: L2 Identity Platform | H8: Requires backend platform review | I8: Collaboration and document access interrupted | J8: L1 checks completed; shared logs, user impact, and troubleshooting history with L2 Identity Platform. | K8: Awaiting Vendor
A9: INC100028 | B9: Access denied to SharePoint team site | C9: Access | D9: SharePoint | E9: High | F9: 46040.875 | G9: L2 Collaboration Team | H9: Policy / configuration change required | I9: Remote employee unable to connect to corporate resources | J9: L1 checks completed; shared logs, user impact, and troubleshooting history with L2 Collaboration Team. | K9: Under Investigation
A10: INC100035 | B10: Unable to join Teams meeting from desktop app | C10: Software | D10: Microsoft Teams | E10: Low | F10: 46030.656 | G10: L2 Workplace Support | H10: Issue exceeded L1 troubleshooting scope | I10: Multiple failed authentication attempts affecting productivity | J10: L1 checks completed; shared logs, user impact, and troubleshooting history with L2 Workplace Support. | K10: Resolved by L2
A11: INC100039 | B11: Outlook not opening on startup | C11: Software | D11: Microsoft Office | E11: Low | F11: 46094.271 | G11: L2 Workplace Support | H11: Compliance state not updating after standard sync | I11: Access blocked for payroll / finance processing | J11: L1 checks completed; shared logs, user impact, and troubleshooting history with L2 Workplace Support. | K11: Resolved by L2
A12: INC100040 | B12: Device marked non-compliant in management portal | C12: Compliance | D12: Intune | E12: Medium | F12: 46037.365 | G12: L2 Endpoint Engineering | H12: Compliance state not updating after standard sync | I12: User unable to work on business-critical application | J12: L1 checks completed; shared logs, user impact, and troubleshooting history with L2 Endpoint Engineering. | K12: Assigned to L2
A13: INC100050 | B13: System performance slow after updates | C13: Hardware | D13: Windows | E13: Low | F13: 46052.49 | G13: L2 Endpoint Engineering | H13: Requires backend platform review | I13: Remote employee unable to connect to corporate resources | J13: L1 checks completed; shared logs, user impact, and troubleshooting history with L2 Endpoint Engineering. | K13: Under Investigation
... A39: INC100197 | B39: Device marked non-compliant in management portal | C39: Compliance | D39: Intune | E39: High | F39: 46062.625 | G39: L2 Endpoint Engineering | H39: Compliance state not updating after standard sync | I39: User unable to work on business-critical application | J39: L1 checks completed; shared logs, user impact, and troubleshooting history with L2 Endpoint Engineering. | K39: Assigned to L2

Sheet Knowledge_Base
A1: KB ID | B1: Issue Type | C1: Primary Tool | D1: Symptoms | E1: Troubleshooting Steps | F1: Standard Resolution | G1: Escalate When | H1: Article Owner
A2: KB001 | B2: Password Reset | C2: Active Directory | D2: User cannot sign in after password expiry | E2: Verify identity; unlock if needed; reset password; confirm new sign-in | F2: Reset password and document action in ticket | G2: Account still fails after verified reset | H2: L1 Service Desk
A3: KB002 | B3: Account Unlock | C3: Active Directory | D3: Multiple failed attempts trigger lockout | E3: Check lock status; verify user identity; unlock; advise on correct credentials | F3: Account unlocked and access restored | G3: Repeated lockouts suggest sync / brute-force issue | H3: L1 Service Desk
A4: KB003 | B4: VPN Access Failure | C4: VPN | D4: Remote user cannot connect to corporate network | E4: Verify internet; confirm VPN entitlement; refresh client profile; retry login | F4: VPN profile corrected and access restored | G4: Tunnel fails after profile reset | H4: L1 Service Desk
A5: KB004 | B5: Outlook Not Opening | C5: Microsoft Office | D5: Outlook crashes or hangs on launch | E5: Open in safe mode; disable add-ins; repair Office; recreate profile if needed | F5: Office repaired / add-ins isolated | G5: Mailbox corruption or persistent profile issue | H5: L1 Workplace Support
A6: KB005 | B6: Teams Login Failure | C6: Microsoft Teams | D6: User unable to sign in to Teams | E6: Confirm password works in browser; clear Teams cache; reauthenticate | F6: Teams cache reset and session restored | G6: SSO or tenant issue persists | H6: L1 Workplace Support
A7: KB006 | B7: MFA Push Not Received | C7: Okta | D7: User does not receive MFA challenge | E7: Check device enrollment; confirm internet; re-enroll factor | F7: MFA factor re-enrolled successfully | G7: Identity policy / device binding issue remains | H7: L1 IAM Support
A8: KB007 | B8: OTP Not Received | C8: Okta | D8: SMS or email OTP not delivered | E8: Validate registered factor details; resend challenge; update phone/email | F8: Correct factor updated and OTP received | G8: Downstream provider issue or policy block | H8: L1 IAM Support
A9: KB008 | B9: SharePoint Access Denied | C9: SharePoint | D9: Permission denied while opening team site | E9: Check site group membership; validate request approval; add correct permissions | F9: User added to approved SharePoint group | G9: Broken inheritance or advanced permission issue | H9: L1 Collaboration Support
A10: KB009 | B10: Software Installation Failed | C10: Windows | D10: Approved application fails to install | E10: Check endpoint compliance; verify package source; run with elevated rights | F10: Application installed via approved method | G10: Packaging defect or admin deployment required | H10: L1 Endpoint Support
A11: KB010 | B11: Slow System Performance | C11: Windows | D11: Laptop slow, delayed logon, high startup usage | E11: Review startup apps; clear temp files; restart; run health checks | F11: Performance improved after optimization | G11: Disk / memory / hardware fault suspected | H11: L1 Endpoint Support
A12: KB011 | B12: Printer Not Working | C12: Printer | D12: Shared printer offline or jobs stuck | E12: Restart spooler; re-add printer; update driver; test print | F12: Printer restored and queue cleared | G12: Network print server or hardware fault | H12: L1 Endpoint Support
... A23: KB022 | B23: Account Lock Recurrence | C23: Active Directory | D23: User repeatedly locks out after password change | E23: Check cached credentials on mobile / apps; sign out stale sessions | F23: Stale sessions removed and issue stabilized | G23: Unknown source continues auth attempts | H23: L1 Service Desk

Sheet SLA_Dashboard
A1: Service Desk KPI Dashboard
A3: Total Tickets | B3: =COUNTA(Tickets!A:A)-1 | D3: Priority Mix | G3: Status Mix
A4: Resolved / Closed Tickets | B4: =COUNTIF(Tickets!O:O,"Resolved")+COUNTIF(Tickets!O:O,"Closed") | D4: High | E4: =COUNTIF(Tickets!L:L,"High") | G4: Resolved | H4: =COUNTIF(Tickets!O:O,"Resolved")
A5: Open / In Progress Tickets | B5: =COUNTIF(Tickets!O:O,"Open")+COUNTIF(Tickets!O:O,"In Progress") | D5: Medium | E5: =COUNTIF(Tickets!L:L,"Medium") | G5: Closed | H5: =COUNTIF(Tickets!O:O,"Closed")
A6: Escalated Tickets | B6: =COUNTIF(Tickets!N:N,"Yes") | D6: Low | E6: =COUNTIF(Tickets!L:L,"Low") | G6: Open | H6: =COUNTIF(Tickets!O:O,"Open")
A7: Tickets Within SLA | B7: =COUNTIF(Tickets!S:S,"Yes") | G7: In Progress | H7: =COUNTIF(Tickets!O:O,"In Progress")
A8: SLA Compliance % | B8: =IF(B6=0,0,B7/B3) | D8: Category Mix
A9: First Contact Resolution % | B9: =IF(B3=0,0,COUNTIF(Tickets!V:V,"Yes")/B3) | D9: Login | E9: =COUNTIF(Tickets!I:I,"Login")
A10: Average Response Time (hrs) | B10: =AVERAGE(Tickets!P:P) | D10: Access | E10: =COUNTIF(Tickets!I:I,"Access")
A11: Average Resolution Time (hrs) | B11: =AVERAGE(Tickets!Q:Q) | D11: Software | E11: =COUNTIF(Tickets!I:I,"Software")
D12: Hardware | E12: =COUNTIF(Tickets!I:I,"Hardware")
D13: Compliance | E13: =COUNTIF(Tickets!I:I,"Compliance")
